strike,moneyness,expiry,days_to_expiry,time_to_expiry,option_type,mid_price,spot,volume,openInterest,implied_vol
250.0,0.9253603986188724,2026-05-06,7,0.0191780821917808,call,21.25,270.1650085449219,251.0,22,0.4598804034922264
255.0,0.94386760659125,2026-05-06,7,0.0191780821917808,call,16.7,270.1650085449219,5.0,1,0.4272072719805908
260.0,0.9623748145636274,2026-05-06,7,0.0191780821917808,call,12.525,270.1650085449219,9.0,321,0.4058948735411627
265.0,0.9808820225360048,2026-05-06,7,0.0191780821917808,call,9.3,270.1650085449219,50.0,429,0.4220546425674347
267.5,0.9901356265221936,2026-05-06,7,0.0191780821917808,call,7.675000000000001,270.1650085449219,244.0,499,0.4121841763940385
270.0,0.9993892305083822,2026-05-06,7,0.0191780821917808,call,6.225,270.1650085449219,107.0,277,0.4039392731258348
272.5,1.008642834494571,2026-05-06,7,0.0191780821917808,call,5.075,270.1650085449219,148.0,118,0.4049693763660256
275.0,1.0178964384807598,2026-05-06,7,0.0191780821917808,call,4.025,270.1650085449219,357.0,236,0.401832637651974
277.5,1.0271500424669484,2026-05-06,7,0.0191780821917808,call,3.175,270.1650085449219,42.0,75,0.401806067135852
280.0,1.0364036464531372,2026-05-06,7,0.0191780821917808,call,2.465,270.1650085449219,144.0,306,0.401565739969956
282.5,1.045657250439326,2026-05-06,7,0.0191780821917808,call,1.89,270.1650085449219,80.0,35,0.4018148547911901
285.0,1.0549108544255146,2026-05-06,7,0.0191780821917808,call,1.4300000000000002,270.1650085449219,194.0,133,0.4022664212151709
290.0,1.0734180623978922,2026-05-06,7,0.0191780821917808,call,0.825,270.1650085449219,88.0,223,0.4088832757953352
292.5,1.0826716663840807,2026-05-06,7,0.0191780821917808,call,0.625,270.1650085449219,26.0,66,0.4131544164374027
295.0,1.0919252703702695,2026-05-06,7,0.0191780821917808,call,0.435,270.1650085449219,71.0,89,0.4100913915651112
300.0,1.110432478342647,2026-05-06,7,0.0191780821917808,call,0.25,270.1650085449219,6.0,296,0.4216846367581235
305.0,1.1289396863150245,2026-05-06,7,0.0191780821917808,call,0.135,270.1650085449219,2.0,249,0.4291967428672808
315.0,1.1659541022597792,2026-05-06,7,0.0191780821917808,call,0.05,270.1650085449219,3.0,10,0.4588742557610168
325.0,1.2029685182045342,2026-05-06,7,0.0191780821917808,call,0.03,270.1650085449219,21.0,7,0.5096396661362825
205.0,0.7587955268674754,2026-05-06,7,0.0191780821917808,put,0.03,270.1650085449219,7.0,1,0.752885439834854
210.0,0.7773027348398529,2026-05-06,7,0.0191780821917808,put,0.06,270.1650085449219,2.0,7,0.7490356875712818
215.0,0.7958099428122304,2026-05-06,7,0.0191780821917808,put,0.08,270.1650085449219,1.0,4,0.7112010701854764
220.0,0.8143171507846078,2026-05-06,7,0.0191780821917808,put,0.08,270.1650085449219,1.0,2,0.6476380946292589
225.0,0.8328243587569852,2026-05-06,7,0.0191780821917808,put,0.09,270.1650085449219,1.0,9,0.5942233284395267
230.0,0.8513315667293627,2026-05-06,7,0.0191780821917808,put,0.145,270.1650085449219,1.0,17,0.5695029091408944
235.0,0.8698387747017401,2026-05-06,7,0.0191780821917808,put,0.205,270.1650085449219,1.0,2,0.5330368810503203
240.0,0.8883459826741176,2026-05-06,7,0.0191780821917808,put,0.3249999999999999,270.1650085449219,4.0,28,0.5061436049769141
245.0,0.906853190646495,2026-05-06,7,0.0191780821917808,put,0.4449999999999999,270.1650085449219,45.0,69,0.4636079142691107
247.5,0.9161067946326836,2026-05-06,7,0.0191780821917808,put,0.675,270.1650085449219,2.0,18,0.4702115470055538
250.0,0.9253603986188724,2026-05-06,7,0.0191780821917808,put,0.875,270.1650085449219,154.0,82,0.4607229119164798
252.5,0.9346140026050612,2026-05-06,7,0.0191780821917808,put,1.085,270.1650085449219,114.0,33,0.4457424291480323
255.0,0.94386760659125,2026-05-06,7,0.0191780821917808,put,1.375,270.1650085449219,8.0,88,0.4339210772958778
257.5,0.9531212105774388,2026-05-06,7,0.0191780821917808,put,1.845,270.1650085449219,30.0,483,0.4325362975445985
260.0,0.9623748145636274,2026-05-06,7,0.0191780821917808,put,2.365,270.1650085449219,76.0,156,0.4256607755767077
265.0,0.9808820225360048,2026-05-06,7,0.0191780821917808,put,3.725,270.1650085449219,41.0,87,0.4089956795490808
267.5,0.9901356265221936,2026-05-06,7,0.0191780821917808,put,4.7,270.1650085449219,15.0,60,0.4067475109118652
270.0,0.9993892305083822,2026-05-06,7,0.0191780821917808,put,5.925,270.1650085449219,47.0,294,0.4105094699149126
275.0,1.0178964384807598,2026-05-06,7,0.0191780821917808,put,8.475,270.1650085449219,18.0,29,0.3915377087946468
280.0,1.0364036464531372,2026-05-06,7,0.0191780821917808,put,12.325,270.1650085449219,23.0,40,0.4227317612641189
190.0,0.7032739029503431,2026-05-08,9,0.0246575342465753,call,80.6,270.1650085449219,4.0,6,1.0567658366668975
195.0,0.7217811109227206,2026-05-08,9,0.0246575342465753,call,75.625,270.1650085449219,2.0,4,1.00024632092277
200.0,0.7402883188950979,2026-05-08,9,0.0246575342465753,call,70.65,270.1650085449219,3.0,16,0.943178639154756
205.0,0.7587955268674754,2026-05-08,9,0.0246575342465753,call,65.65,270.1650085449219,56.0,23,0.872903421610771
210.0,0.7773027348398529,2026-05-08,9,0.0246575342465753,call,60.675,270.1650085449219,30.0,43,0.8162417462749114
215.0,0.7958099428122304,2026-05-08,9,0.0246575342465753,call,55.7,270.1650085449219,10.0,26,0.7590617135279473
220.0,0.8143171507846078,2026-05-08,9,0.0246575342465753,call,50.75,270.1650085449219,1.0,104,0.7106741365205648
225.0,0.8328243587569852,2026-05-08,9,0.0246575342465753,call,45.675,270.1650085449219,8.0,1462,0.6156202363887013
230.0,0.8513315667293627,2026-05-08,9,0.0246575342465753,call,40.85,270.1650085449219,1.0,34,0.6059966415028013
235.0,0.8698387747017401,2026-05-08,9,0.0246575342465753,call,36.05,270.1650085449219,4.0,44,0.5833777567347421
237.5,0.8790923786879289,2026-05-08,9,0.0246575342465753,call,33.2,270.1650085449219,15.0,7,0.4632395961576222
240.0,0.8883459826741176,2026-05-08,9,0.0246575342465753,call,30.8,270.1650085449219,1.0,500,0.458429870357498
245.0,0.906853190646495,2026-05-08,9,0.0246575342465753,call,26.05,270.1650085449219,1.0,86,0.4409661936568154
247.5,0.9161067946326836,2026-05-08,9,0.0246575342465753,call,23.85,270.1650085449219,3.0,5,0.4497376394028137
250.0,0.9253603986188724,2026-05-08,9,0.0246575342465753,call,21.375,270.1650085449219,47.0,1186,0.4147174844946024
252.5,0.9346140026050612,2026-05-08,9,0.0246575342465753,call,19.05,270.1650085449219,1.0,6,0.3963527580395402
255.0,0.94386760659125,2026-05-08,9,0.0246575342465753,call,17.075000000000003,270.1650085449219,56.0,537,0.4078004297936529
257.5,0.9531212105774388,2026-05-08,9,0.0246575342465753,call,15.1,270.1650085449219,18.0,57,0.4078528759153428
260.0,0.9623748145636274,2026-05-08,9,0.0246575342465753,call,13.075,270.1650085449219,189.0,1319,0.3957857291293125
262.5,0.971628418549816,2026-05-08,9,0.0246575342465753,call,11.2,270.1650085449219,16.0,48,0.3873205683588245
265.0,0.9808820225360048,2026-05-08,9,0.0246575342465753,call,9.5,270.1650085449219,307.0,1287,0.382307209532557
267.5,0.9901356265221936,2026-05-08,9,0.0246575342465753,call,7.975,270.1650085449219,378.0,703,0.3794142902972722
270.0,0.9993892305083822,2026-05-08,9,0.0246575342465753,call,6.65,270.1650085449219,1503.0,2592,0.3794266492081791
272.5,1.008642834494571,2026-05-08,9,0.0246575342465753,call,5.4,270.1650085449219,946.0,1152,0.3747182705040126
275.0,1.0178964384807598,2026-05-08,9,0.0246575342465753,call,4.35,270.1650085449219,1658.0,5886,0.37272329379006
277.5,1.0271500424669484,2026-05-08,9,0.0246575342465753,call,3.475,270.1650085449219,406.0,880,0.3723583181871325
280.0,1.0364036464531372,2026-05-08,9,0.0246575342465753,call,2.745,270.1650085449219,2443.0,5562,0.3724729153708577
282.5,1.045657250439326,2026-05-08,9,0.0246575342465753,call,2.12,270.1650085449219,392.0,742,0.371062936983745
285.0,1.0549108544255146,2026-05-08,9,0.0246575342465753,call,1.625,270.1650085449219,1642.0,2339,0.3708696685870679
287.5,1.0641644584117034,2026-05-08,9,0.0246575342465753,call,1.255,270.1650085449219,85.0,230,0.3733359668198969
290.0,1.0734180623978922,2026-05-08,9,0.0246575342465753,call,0.94,270.1650085449219,553.0,5306,0.3733783483418902
292.5,1.0826716663840807,2026-05-08,9,0.0246575342465753,call,0.71,270.1650085449219,68.0,335,0.3755369209901043
295.0,1.0919252703702695,2026-05-08,9,0.0246575342465753,call,0.54,270.1650085449219,101.0,1360,0.3790419741539433
297.5,1.1011788743564583,2026-05-08,9,0.0246575342465753,call,0.41,270.1650085449219,41.0,156,0.3828045992770889
300.0,1.110432478342647,2026-05-08,9,0.0246575342465753,call,0.31,270.1650085449219,1108.0,4367,0.3865370917871438
302.5,1.1196860823288357,2026-05-08,9,0.0246575342465753,call,0.25,270.1650085449219,74.0,9,0.3950256335733654
305.0,1.1289396863150245,2026-05-08,9,0.0246575342465753,call,0.185,270.1650085449219,651.0,2307,0.3973998447974849
310.0,1.147446894287402,2026-05-08,9,0.0246575342465753,call,0.105,270.1650085449219,24.0,563,0.4050722226878434
315.0,1.1659541022597792,2026-05-08,9,0.0246575342465753,call,0.08,270.1650085449219,3.0,117,0.4289146112258489
320.0,1.1844613102321568,2026-05-08,9,0.0246575342465753,call,0.05,270.1650085449219,35.0,618,0.4402221468964851
325.0,1.2029685182045342,2026-05-08,9,0.0246575342465753,call,0.04,270.1650085449219,1.0,46,0.4633646336908335
330.0,1.2214757261769118,2026-05-08,9,0.0246575342465753,call,0.02,270.1650085449219,1337.0,276,0.4621062939486011
335.0,1.2399829341492892,2026-05-08,9,0.0246575342465753,call,0.02,270.1650085449219,11.0,14,0.493109694768403
195.0,0.7217811109227206,2026-05-08,9,0.0246575342465753,put,0.025,270.1650085449219,1.0,96,0.7590935654015446
200.0,0.7402883188950979,2026-05-08,9,0.0246575342465753,put,0.035,270.1650085449219,65.0,1122,0.7299417770929066
205.0,0.7587955268674754,2026-05-08,9,0.0246575342465753,put,0.05,270.1650085449219,1.0,451,0.7025110542440725
210.0,0.7773027348398529,2026-05-08,9,0.0246575342465753,put,0.055,270.1650085449219,20.0,302,0.654418425656767
215.0,0.7958099428122304,2026-05-08,9,0.0246575342465753,put,0.07,270.1650085449219,2.0,244,0.6173860975250632
220.0,0.8143171507846078,2026-05-08,9,0.0246575342465753,put,0.11,270.1650085449219,85.0,1055,0.5965530403293894
225.0,0.8328243587569852,2026-05-08,9,0.0246575342465753,put,0.14,270.1650085449219,25.0,393,0.5583612710029691
230.0,0.8513315667293627,2026-05-08,9,0.0246575342465753,put,0.19,270.1650085449219,16.0,2607,0.5246099717760169
232.5,0.8605851707155514,2026-05-08,9,0.0246575342465753,put,0.23,270.1650085449219,4.0,24,0.510674751018735
235.0,0.8698387747017401,2026-05-08,9,0.0246575342465753,put,0.27,270.1650085449219,12.0,568,0.4938609724513788
237.5,0.8790923786879289,2026-05-08,9,0.0246575342465753,put,0.32,270.1650085449219,35.0,38,0.4775959924724999
240.0,0.8883459826741176,2026-05-08,9,0.0246575342465753,put,0.4,270.1650085449219,1920.0,954,0.4660158762264285
242.5,0.8975995866603064,2026-05-08,9,0.0246575342465753,put,0.52,270.1650085449219,26.0,179,0.4584499024541857
245.0,0.906853190646495,2026-05-08,9,0.0246575342465753,put,0.625,270.1650085449219,141.0,2600,0.4429729899079281
247.5,0.9161067946326836,2026-05-08,9,0.0246575342465753,put,0.8049999999999999,270.1650085449219,37.0,166,0.4349900413226427
250.0,0.9253603986188724,2026-05-08,9,0.0246575342465753,put,1.01,270.1650085449219,450.0,1414,0.4244102622074244
252.5,0.9346140026050612,2026-05-08,9,0.0246575342465753,put,1.27,270.1650085449219,80.0,859,0.4144410187486821
255.0,0.94386760659125,2026-05-08,9,0.0246575342465753,put,1.63,270.1650085449219,153.0,1428,0.4080602215096442
257.5,0.9531212105774388,2026-05-08,9,0.0246575342465753,put,2.065,270.1650085449219,1151.0,864,0.40095334816035
260.0,0.9623748145636274,2026-05-08,9,0.0246575342465753,put,2.625,270.1650085449219,1013.0,1433,0.3960321740893109
262.5,0.971628418549816,2026-05-08,9,0.0246575342465753,put,3.275,270.1650085449219,25.0,216,0.3894258212792284
265.0,0.9808820225360048,2026-05-08,9,0.0246575342465753,put,4.125,270.1650085449219,345.0,1226,0.3876108235680328
267.5,0.9901356265221936,2026-05-08,9,0.0246575342465753,put,5.1,270.1650085449219,135.0,624,0.384652957903799
270.0,0.9993892305083822,2026-05-08,9,0.0246575342465753,put,6.25,270.1650085449219,606.0,456,0.3832402161817486
272.5,1.008642834494571,2026-05-08,9,0.0246575342465753,put,7.475,270.1650085449219,214.0,207,0.377223806259684
275.0,1.0178964384807598,2026-05-08,9,0.0246575342465753,put,8.975,270.1650085449219,7.0,325,0.3785167722674765
277.5,1.0271500424669484,2026-05-08,9,0.0246575342465753,put,10.625,270.1650085449219,2.0,30,0.3802312626620218
280.0,1.0364036464531372,2026-05-08,9,0.0246575342465753,put,12.15,270.1650085449219,3.0,76,0.3641671726375893
282.5,1.045657250439326,2026-05-08,9,0.0246575342465753,put,14.125,270.1650085449219,28.0,39,0.3697843271494716
285.0,1.0549108544255146,2026-05-08,9,0.0246575342465753,put,16.3,270.1650085449219,28.0,39,0.3841432199400683
290.0,1.0734180623978922,2026-05-08,9,0.0246575342465753,put,20.575000000000003,270.1650085449219,4.0,31,0.387112152086631
295.0,1.0919252703702695,2026-05-08,9,0.0246575342465753,put,25.325,270.1650085449219,30.0,33,0.4199676938280604
300.0,1.110432478342647,2026-05-08,9,0.0246575342465753,put,30.05,270.1650085449219,4.0,3,0.4350692136028757
190.0,0.7032739029503431,2026-05-15,16,0.0438356164383561,call,80.55,270.1650085449219,5.0,44,0.5653335262689808
200.0,0.7402883188950979,2026-05-15,16,0.0438356164383561,call,70.775,270.1650085449219,12.0,660,0.6883415920325395
205.0,0.7587955268674754,2026-05-15,16,0.0438356164383561,call,65.80000000000001,270.1650085449219,27.0,169,0.6455599036520031
210.0,0.7773027348398529,2026-05-15,16,0.0438356164383561,call,60.725,270.1650085449219,20.0,907,0.557893344851464
215.0,0.7958099428122304,2026-05-15,16,0.0438356164383561,call,55.95,270.1650085449219,18.0,1279,0.590521580879243
220.0,0.8143171507846078,2026-05-15,16,0.0438356164383561,call,50.825,270.1650085449219,3.0,3004,0.499621260368868
225.0,0.8328243587569852,2026-05-15,16,0.0438356164383561,call,45.95,270.1650085449219,5.0,733,0.4858310092992411
230.0,0.8513315667293627,2026-05-15,16,0.0438356164383561,call,40.625,270.1650085449219,7.0,2824,0.2655200378486263
235.0,0.8698387747017401,2026-05-15,16,0.0438356164383561,call,35.775,270.1650085449219,6.0,2164,0.336249935340273
240.0,0.8883459826741176,2026-05-15,16,0.0438356164383561,call,30.9,270.1650085449219,37.0,24809,0.3238785303378918
245.0,0.906853190646495,2026-05-15,16,0.0438356164383561,call,26.325000000000003,270.1650085449219,7.0,2173,0.3410422465484661
247.5,0.9161067946326836,2026-05-15,16,0.0438356164383561,call,24.2,270.1650085449219,2.0,5,0.3533145034813732
250.0,0.9253603986188724,2026-05-15,16,0.0438356164383561,call,21.775,270.1650085449219,74.0,11682,0.3305910652353127
252.5,0.9346140026050612,2026-05-15,16,0.0438356164383561,call,19.675,270.1650085449219,2.0,24,0.3324037964429752
255.0,0.94386760659125,2026-05-15,16,0.0438356164383561,call,17.549999999999997,270.1650085449219,101.0,13970,0.3261878820425134
257.5,0.9531212105774388,2026-05-15,16,0.0438356164383561,call,15.5,270.1650085449219,177.0,24,0.3198178726877587
260.0,0.9623748145636274,2026-05-15,16,0.0438356164383561,call,13.6,270.1650085449219,433.0,11333,0.3167647944658208
262.5,0.971628418549816,2026-05-15,16,0.0438356164383561,call,11.825,270.1650085449219,26.0,290,0.3143633563224898
265.0,0.9808820225360048,2026-05-15,16,0.0438356164383561,call,10.175,270.1650085449219,622.0,9438,0.3120052522695948
267.5,0.9901356265221936,2026-05-15,16,0.0438356164383561,call,8.675,270.1650085449219,341.0,921,0.3104452789758845
270.0,0.9993892305083822,2026-05-15,16,0.0438356164383561,call,7.275,270.1650085449219,3423.0,28699,0.307145178951999
272.5,1.008642834494571,2026-05-15,16,0.0438356164383561,call,6.075,270.1650085449219,415.0,1778,0.3064424331385234
275.0,1.0178964384807598,2026-05-15,16,0.0438356164383561,call,4.975,270.1650085449219,2685.0,23929,0.3038744717071201
277.5,1.0271500424669484,2026-05-15,16,0.0438356164383561,call,4.05,270.1650085449219,664.0,1431,0.3029585694022668
280.0,1.0364036464531372,2026-05-15,16,0.0438356164383561,call,3.275,270.1650085449219,7247.0,39221,0.3029933382668303
282.5,1.045657250439326,2026-05-15,16,0.0438356164383561,call,2.595,270.1650085449219,97.0,1742,0.3017061401344718
285.0,1.0549108544255146,2026-05-15,16,0.0438356164383561,call,2.055,270.1650085449219,6527.0,33729,0.3020586233566292
287.5,1.0641644584117034,2026-05-15,16,0.0438356164383561,call,1.61,270.1650085449219,104.0,557,0.3023921444039128
290.0,1.0734180623978922,2026-05-15,16,0.0438356164383561,call,1.255,270.1650085449219,4545.0,28100,0.3032555814474501
292.5,1.0826716663840807,2026-05-15,16,0.0438356164383561,call,0.985,270.1650085449219,120.0,863,0.3055119365517642
295.0,1.0919252703702695,2026-05-15,16,0.0438356164383561,call,0.765,270.1650085449219,1813.0,18931,0.3073741050820037
300.0,1.110432478342647,2026-05-15,16,0.0438356164383561,call,0.4649999999999999,270.1650085449219,1522.0,38905,0.3127975706195671
305.0,1.1289396863150245,2026-05-15,16,0.0438356164383561,call,0.295,270.1650085449219,41.0,8833,0.3214698517231377
310.0,1.147446894287402,2026-05-15,16,0.0438356164383561,call,0.19,270.1650085449219,2217.0,16178,0.3307001953758085
315.0,1.1659541022597792,2026-05-15,16,0.0438356164383561,call,0.12,270.1650085449219,440.0,7966,0.3385200758776038
320.0,1.1844613102321568,2026-05-15,16,0.0438356164383561,call,0.085,270.1650085449219,176.0,9593,0.3512475771786247
325.0,1.2029685182045342,2026-05-15,16,0.0438356164383561,call,0.065,270.1650085449219,236.0,2477,0.3664371467440785
330.0,1.2214757261769118,2026-05-15,16,0.0438356164383561,call,0.04,270.1650085449219,3510.0,6326,0.3713275717743848
335.0,1.2399829341492892,2026-05-15,16,0.0438356164383561,call,0.04,270.1650085449219,2.0,2836,0.3959783166025269
340.0,1.2584901421216663,2026-05-15,16,0.0438356164383561,call,0.04,270.1650085449219,5.0,2806,0.4200791598475931
345.0,1.276997350094044,2026-05-15,16,0.0438356164383561,call,0.03,270.1650085449219,2.0,1258,0.4305028625019083
350.0,1.2955045580664215,2026-05-15,16,0.0438356164383561,call,0.025,270.1650085449219,15.0,12222,0.4448776802969533
190.0,0.7032739029503431,2026-05-15,16,0.0438356164383561,put,0.05,270.1650085449219,7.0,3187,0.6577271681952275
195.0,0.7217811109227206,2026-05-15,16,0.0438356164383561,put,0.06,270.1650085449219,70.0,2172,0.6264327945826416
200.0,0.7402883188950979,2026-05-15,16,0.0438356164383561,put,0.07,270.1650085449219,9.0,5524,0.5931991385410094
205.0,0.7587955268674754,2026-05-15,16,0.0438356164383561,put,0.095,270.1650085449219,4.0,2583,0.5707051708819652
210.0,0.7773027348398529,2026-05-15,16,0.0438356164383561,put,0.125,270.1650085449219,391.0,10527,0.5459818202173994
215.0,0.7958099428122304,2026-05-15,16,0.0438356164383561,put,0.16,270.1650085449219,57.0,6290,0.5190416755980543
220.0,0.8143171507846078,2026-05-15,16,0.0438356164383561,put,0.2,270.1650085449219,51.0,10126,0.4899680842938954
225.0,0.8328243587569852,2026-05-15,16,0.0438356164383561,put,0.265,270.1650085449219,102.0,5375,0.4648957573059653
230.0,0.8513315667293627,2026-05-15,16,0.0438356164383561,put,0.345,270.1650085449219,139.0,25503,0.4379096215042117
235.0,0.8698387747017401,2026-05-15,16,0.0438356164383561,put,0.47,270.1650085449219,215.0,14221,0.4139525027532026
240.0,0.8883459826741176,2026-05-15,16,0.0438356164383561,put,0.65,270.1650085449219,2817.0,20778,0.3906670200891939
245.0,0.906853190646495,2026-05-15,16,0.0438356164383561,put,0.955,270.1650085449219,959.0,14438,0.3726391185135373
247.5,0.9161067946326836,2026-05-15,16,0.0438356164383561,put,1.165,270.1650085449219,282.0,691,0.3644331291352767
250.0,0.9253603986188724,2026-05-15,16,0.0438356164383561,put,1.43,270.1650085449219,1458.0,25541,0.3571667346988474
252.5,0.9346140026050612,2026-05-15,16,0.0438356164383561,put,1.76,270.1650085449219,827.0,3087,0.3506627662542384
255.0,0.94386760659125,2026-05-15,16,0.0438356164383561,put,2.165,270.1650085449219,1603.0,7960,0.3447253807938498
257.5,0.9531212105774388,2026-05-15,16,0.0438356164383561,put,2.655,270.1650085449219,521.0,338,0.339177237889189
260.0,0.9623748145636274,2026-05-15,16,0.0438356164383561,put,3.2750000000000004,270.1650085449219,1546.0,14517,0.3357447327525436
262.5,0.971628418549816,2026-05-15,16,0.0438356164383561,put,4.0,270.1650085449219,27.0,650,0.3322028697480584
265.0,0.9808820225360048,2026-05-15,16,0.0438356164383561,put,4.85,270.1650085449219,659.0,7171,0.3290754502574927
267.5,0.9901356265221936,2026-05-15,16,0.0438356164383561,put,5.825,270.1650085449219,190.0,691,0.3259517941885091
270.0,0.9993892305083822,2026-05-15,16,0.0438356164383561,put,6.95,270.1650085449219,688.0,14526,0.3236770265329914
272.5,1.008642834494571,2026-05-15,16,0.0438356164383561,put,8.275,270.1650085449219,49.0,642,0.3242977373019997
275.0,1.0178964384807598,2026-05-15,16,0.0438356164383561,put,9.675,270.1650085449219,106.0,2674,0.3223012903430434
277.5,1.0271500424669484,2026-05-15,16,0.0438356164383561,put,11.275,270.1650085449219,3.0,45,0.323511001352871
280.0,1.0364036464531372,2026-05-15,16,0.0438356164383561,put,12.95,270.1650085449219,49.0,13155,0.3225077604465164
282.5,1.045657250439326,2026-05-15,16,0.0438356164383561,put,14.575,270.1650085449219,3.0,72,0.312617738521787
285.0,1.0549108544255146,2026-05-15,16,0.0438356164383561,put,16.65,270.1650085449219,38.0,1403,0.3210408132495281
287.5,1.0641644584117034,2026-05-15,16,0.0438356164383561,put,18.450000000000003,270.1650085449219,37.0,22,0.3071983380978541
290.0,1.0734180623978922,2026-05-15,16,0.0438356164383561,put,21.2,270.1650085449219,36.0,515,0.3516990669123803
292.5,1.0826716663840807,2026-05-15,16,0.0438356164383561,put,23.075,270.1650085449219,6.0,13,0.3331870863882263
295.0,1.0919252703702695,2026-05-15,16,0.0438356164383561,put,25.5,270.1650085449219,2.0,3,0.3518688025043938
300.0,1.110432478342647,2026-05-15,16,0.0438356164383561,put,30.075,270.1650085449219,25.0,169,0.3578921296456532
305.0,1.1289396863150245,2026-05-15,16,0.0438356164383561,put,34.875,270.1650085449219,48.0,53,0.3763765132907692
320.0,1.1844613102321568,2026-05-15,16,0.0438356164383561,put,49.975,270.1650085449219,2.0,0,0.5077166425423253
350.0,1.2955045580664215,2026-05-15,16,0.0438356164383561,put,83.92500000000001,270.1650085449219,1.0,0,1.1067844378212766
220.0,0.8143171507846078,2026-05-22,23,0.0630136986301369,call,51.0,270.1650085449219,1.0,24,0.4138801550261047
225.0,0.8328243587569852,2026-05-22,23,0.0630136986301369,call,46.1,270.1650085449219,5.0,17,0.3971302659047916
230.0,0.8513315667293627,2026-05-22,23,0.0630136986301369,call,41.25,270.1650085449219,5.0,7,0.3830457734311903
235.0,0.8698387747017401,2026-05-22,23,0.0630136986301369,call,36.45,270.1650085449219,4.0,38,0.367863985714012
240.0,0.8883459826741176,2026-05-22,23,0.0630136986301369,call,31.425,270.1650085449219,1.0,111,0.3193309025756428
245.0,0.906853190646495,2026-05-22,23,0.0630136986301369,call,26.85,270.1650085449219,1.0,89,0.3159779142495346
250.0,0.9253603986188724,2026-05-22,23,0.0630136986301369,call,22.425,270.1650085449219,31.0,335,0.3083033333913089
255.0,0.94386760659125,2026-05-22,23,0.0630136986301369,call,18.4,270.1650085449219,16.0,288,0.3084165086000767
260.0,0.9623748145636274,2026-05-22,23,0.0630136986301369,call,14.35,270.1650085449219,24.0,564,0.2906923490657339
265.0,0.9808820225360048,2026-05-22,23,0.0630136986301369,call,11.025,270.1650085449219,114.0,721,0.2881564574044453
270.0,0.9993892305083822,2026-05-22,23,0.0630136986301369,call,8.175,270.1650085449219,305.0,1555,0.2851993350233032
275.0,1.0178964384807598,2026-05-22,23,0.0630136986301369,call,5.775,270.1650085449219,227.0,1958,0.2800557650510759
280.0,1.0364036464531372,2026-05-22,23,0.0630136986301369,call,3.975,270.1650085449219,172.0,5247,0.2786260599178768
285.0,1.0549108544255146,2026-05-22,23,0.0630136986301369,call,2.64,270.1650085449219,146.0,4173,0.2777612331139692
290.0,1.0734180623978922,2026-05-22,23,0.0630136986301369,call,1.68,270.1650085449219,227.0,4531,0.276581695077175
295.0,1.0919252703702695,2026-05-22,23,0.0630136986301369,call,1.0750000000000002,270.1650085449219,234.0,2090,0.2791356157528096
300.0,1.110432478342647,2026-05-22,23,0.0630136986301369,call,0.685,270.1650085449219,225.0,1414,0.2829415432340225
305.0,1.1289396863150245,2026-05-22,23,0.0630136986301369,call,0.4449999999999999,270.1650085449219,712.0,474,0.2887223702751983
310.0,1.147446894287402,2026-05-22,23,0.0630136986301369,call,0.285,270.1650085449219,162.0,495,0.2939050964801943
315.0,1.1659541022597792,2026-05-22,23,0.0630136986301369,call,0.2,270.1650085449219,232.0,218,0.3035790073315892
320.0,1.1844613102321568,2026-05-22,23,0.0630136986301369,call,0.125,270.1650085449219,11.0,140,0.3074250805846498
325.0,1.2029685182045342,2026-05-22,23,0.0630136986301369,call,0.075,270.1650085449219,6.0,31,0.3098511580635951
330.0,1.2214757261769118,2026-05-22,23,0.0630136986301369,call,0.06,270.1650085449219,2.0,156,0.3232715433526322
335.0,1.2399829341492892,2026-05-22,23,0.0630136986301369,call,0.055,270.1650085449219,22.0,29,0.3411220346174735
340.0,1.2584901421216663,2026-05-22,23,0.0630136986301369,call,0.045,270.1650085449219,1.0,29,0.3537343082012
345.0,1.276997350094044,2026-05-22,23,0.0630136986301369,call,0.04,270.1650085449219,2.0,13,0.3688801274507074
350.0,1.2955045580664215,2026-05-22,23,0.0630136986301369,call,0.07,270.1650085449219,1.0,3,0.4130486298401058
190.0,0.7032739029503431,2026-05-22,23,0.0630136986301369,put,0.06,270.1650085449219,132.0,109,0.5610753565926537
195.0,0.7217811109227206,2026-05-22,23,0.0630136986301369,put,0.08,270.1650085449219,52.0,184,0.5416792675165686
200.0,0.7402883188950979,2026-05-22,23,0.0630136986301369,put,0.105,270.1650085449219,27.0,10677,0.521431026522754
205.0,0.7587955268674754,2026-05-22,23,0.0630136986301369,put,0.13,270.1650085449219,1.0,180,0.4973257276469319
210.0,0.7773027348398529,2026-05-22,23,0.0630136986301369,put,0.1699999999999999,270.1650085449219,31.0,167,0.4768445225643103
215.0,0.7958099428122304,2026-05-22,23,0.0630136986301369,put,0.2199999999999999,270.1650085449219,138.0,378,0.4555680384826843
220.0,0.8143171507846078,2026-05-22,23,0.0630136986301369,put,0.29,270.1650085449219,184.0,279,0.4354540384291205
225.0,0.8328243587569852,2026-05-22,23,0.0630136986301369,put,0.37,270.1650085449219,91.0,364,0.4126900933690844
230.0,0.8513315667293627,2026-05-22,23,0.0630136986301369,put,0.485,270.1650085449219,535.0,432,0.3915580204910963
235.0,0.8698387747017401,2026-05-22,23,0.0630136986301369,put,0.655,270.1650085449219,540.0,526,0.3724112796690001
240.0,0.8883459826741176,2026-05-22,23,0.0630136986301369,put,0.92,270.1650085449219,114.0,843,0.3564377152801991
245.0,0.906853190646495,2026-05-22,23,0.0630136986301369,put,1.3,270.1650085449219,42.0,693,0.3412604811904191
250.0,0.9253603986188724,2026-05-22,23,0.0630136986301369,put,1.865,270.1650085449219,137.0,928,0.3283029580709141
255.0,0.94386760659125,2026-05-22,23,0.0630136986301369,put,2.72,270.1650085449219,77.0,754,0.319033090451274
260.0,0.9623748145636274,2026-05-22,23,0.0630136986301369,put,3.9,270.1650085449219,113.0,411,0.3104690665653118
265.0,0.9808820225360048,2026-05-22,23,0.0630136986301369,put,5.525,270.1650085449219,179.0,829,0.30439527764429
270.0,0.9993892305083822,2026-05-22,23,0.0630136986301369,put,7.65,270.1650085449219,413.0,638,0.3002039576923859
275.0,1.0178964384807598,2026-05-22,23,0.0630136986301369,put,10.3,270.1650085449219,12.0,338,0.2976296719416529
280.0,1.0364036464531372,2026-05-22,23,0.0630136986301369,put,13.325,270.1650085449219,1.0,298,0.2910791701689977
285.0,1.0549108544255146,2026-05-22,23,0.0630136986301369,put,17.275,270.1650085449219,2.0,6,0.3055737609919433
290.0,1.0734180623978922,2026-05-22,23,0.0630136986301369,put,21.025,270.1650085449219,10.0,24,0.2951394635669463
300.0,1.110432478342647,2026-05-22,23,0.0630136986301369,put,30.4,270.1650085449219,5.0,8,0.3426745543069583
305.0,1.1289396863150245,2026-05-22,23,0.0630136986301369,put,35.125,270.1650085449219,1.0,1,0.3601301633903548
215.0,0.7958099428122304,2026-05-29,30,0.0821917808219178,call,56.15,270.1650085449219,2.0,3,0.3917168094245516
220.0,0.8143171507846078,2026-05-29,30,0.0821917808219178,call,51.25,270.1650085449219,20.0,33,0.3787440951768778
225.0,0.8328243587569852,2026-05-29,30,0.0821917808219178,call,46.375,270.1650085449219,2.0,4,0.3644019036370471
230.0,0.8513315667293627,2026-05-29,30,0.0821917808219178,call,41.55,270.1650085449219,2.0,15,0.3513192231970751
235.0,0.8698387747017401,2026-05-29,30,0.0821917808219178,call,36.95,270.1650085449219,2.0,85,0.3543447116013414
240.0,0.8883459826741176,2026-05-29,30,0.0821917808219178,call,32.0,270.1650085449219,1.0,34,0.3162734880368526
245.0,0.906853190646495,2026-05-29,30,0.0821917808219178,call,27.3,270.1650085449219,1.0,32,0.2958604061202092
250.0,0.9253603986188724,2026-05-29,30,0.0821917808219178,call,22.925,270.1650085449219,8.0,352,0.2879748891438501
255.0,0.94386760659125,2026-05-29,30,0.0821917808219178,call,18.925,270.1650085449219,54.0,193,0.2860305845981113
260.0,0.9623748145636274,2026-05-29,30,0.0821917808219178,call,15.25,270.1650085449219,59.0,505,0.2830484594090454
265.0,0.9808820225360048,2026-05-29,30,0.0821917808219178,call,11.75,270.1650085449219,64.0,2721,0.2724348269899233
270.0,0.9993892305083822,2026-05-29,30,0.0821917808219178,call,8.85,270.1650085449219,384.0,1414,0.2678326581047851
275.0,1.0178964384807598,2026-05-29,30,0.0821917808219178,call,6.449999999999999,270.1650085449219,378.0,1274,0.264190821694561
280.0,1.0364036464531372,2026-05-29,30,0.0821917808219178,call,4.525,270.1650085449219,320.0,2546,0.2606875684840766
285.0,1.0549108544255146,2026-05-29,30,0.0821917808219178,call,3.1,270.1650085449219,333.0,883,0.2594392744355384
290.0,1.0734180623978922,2026-05-29,30,0.0821917808219178,call,2.085,270.1650085449219,151.0,4882,0.2598881679140912
295.0,1.0919252703702695,2026-05-29,30,0.0821917808219178,call,1.395,270.1650085449219,106.0,391,0.2622383949088396
300.0,1.110432478342647,2026-05-29,30,0.0821917808219178,call,0.905,270.1650085449219,637.0,2127,0.2637859281023251
305.0,1.1289396863150245,2026-05-29,30,0.0821917808219178,call,0.59,270.1650085449219,305.0,423,0.2668579857423152
310.0,1.147446894287402,2026-05-29,30,0.0821917808219178,call,0.395,270.1650085449219,557.0,436,0.2719225960986521
315.0,1.1659541022597792,2026-05-29,30,0.0821917808219178,call,0.265,270.1650085449219,310.0,688,0.2771204082202312
320.0,1.1844613102321568,2026-05-29,30,0.0821917808219178,call,0.175,270.1650085449219,17.0,410,0.2815669161033927
325.0,1.2029685182045342,2026-05-29,30,0.0821917808219178,call,0.125,270.1650085449219,3.0,38,0.2891180824378812
330.0,1.2214757261769118,2026-05-29,30,0.0821917808219178,call,0.09,270.1650085449219,10.0,203,0.2964961900111895
335.0,1.2399829341492892,2026-05-29,30,0.0821917808219178,call,0.065,270.1650085449219,1.0,36,0.3035307914513402
340.0,1.2584901421216663,2026-05-29,30,0.0821917808219178,call,0.04,270.1650085449219,1.0,27,0.3047384827437581
345.0,1.276997350094044,2026-05-29,30,0.0821917808219178,call,0.06,270.1650085449219,13.0,3,0.3367862180492035
350.0,1.2955045580664215,2026-05-29,30,0.0821917808219178,call,0.0349999999999999,270.1650085449219,30.0,9,0.3341335683722543
190.0,0.7032739029503431,2026-05-29,30,0.0821917808219178,put,0.0849999999999999,270.1650085449219,6.0,43,0.5127466688555129
195.0,0.7217811109227206,2026-05-29,30,0.0821917808219178,put,0.07,270.1650085449219,1.0,17,0.4679359798236291
200.0,0.7402883188950979,2026-05-29,30,0.0821917808219178,put,0.13,270.1650085449219,3.0,554,0.4706374293480782
205.0,0.7587955268674754,2026-05-29,30,0.0821917808219178,put,0.13,270.1650085449219,1.0,109,0.4366476379731824
210.0,0.7773027348398529,2026-05-29,30,0.0821917808219178,put,0.215,270.1650085449219,360.0,120,0.4335516133399097
215.0,0.7958099428122304,2026-05-29,30,0.0821917808219178,put,0.265,270.1650085449219,128.0,105,0.4121201589238344
220.0,0.8143171507846078,2026-05-29,30,0.0821917808219178,put,0.36,270.1650085449219,1.0,290,0.3971178414085238
225.0,0.8328243587569852,2026-05-29,30,0.0821917808219178,put,0.48,270.1650085449219,167.0,279,0.3808742413086037
230.0,0.8513315667293627,2026-05-29,30,0.0821917808219178,put,0.64,270.1650085449219,43.0,407,0.3645911687263324
235.0,0.8698387747017401,2026-05-29,30,0.0821917808219178,put,0.845,270.1650085449219,300.0,532,0.347406174882724
240.0,0.8883459826741176,2026-05-29,30,0.0821917808219178,put,1.155,270.1650085449219,206.0,535,0.3330504220789883
245.0,0.906853190646495,2026-05-29,30,0.0821917808219178,put,1.615,270.1650085449219,92.0,746,0.3211809268889318
250.0,0.9253603986188724,2026-05-29,30,0.0821917808219178,put,2.25,270.1650085449219,115.0,762,0.3098274387884625
255.0,0.94386760659125,2026-05-29,30,0.0821917808219178,put,3.15,270.1650085449219,125.0,935,0.3004942138475905
260.0,0.9623748145636274,2026-05-29,30,0.0821917808219178,put,4.4,270.1650085449219,248.0,589,0.2933983541909925
265.0,0.9808820225360048,2026-05-29,30,0.0821917808219178,put,6.0,270.1650085449219,40.0,410,0.2858655665490657
270.0,0.9993892305083822,2026-05-29,30,0.0821917808219178,put,8.15,270.1650085449219,67.0,491,0.2828439161705688
275.0,1.0178964384807598,2026-05-29,30,0.0821917808219178,put,10.775,270.1650085449219,93.0,329,0.2807051297507263
280.0,1.0364036464531372,2026-05-29,30,0.0821917808219178,put,13.475,270.1650085449219,2.0,126,0.2658745767200751
285.0,1.0549108544255146,2026-05-29,30,0.0821917808219178,put,16.775,270.1650085449219,23.0,17,0.2551628653489208
290.0,1.0734180623978922,2026-05-29,30,0.0821917808219178,put,21.175,270.1650085449219,1.0,1,0.2748588637834545
310.0,1.147446894287402,2026-05-29,30,0.0821917808219178,put,40.0,270.1650085449219,1.0,15,0.3560364386822842
215.0,0.7958099428122304,2026-06-05,37,0.1013698630136986,call,56.35,270.1650085449219,5.0,6,0.3579872496248827
220.0,0.8143171507846078,2026-06-05,37,0.1013698630136986,call,51.525,270.1650085449219,2.0,21,0.3586026365202897
240.0,0.8883459826741176,2026-06-05,37,0.1013698630136986,call,32.6,270.1650085449219,5.0,32,0.3142679348038532
245.0,0.906853190646495,2026-06-05,37,0.1013698630136986,call,28.15,270.1650085449219,5.0,1,0.3049431488691533
250.0,0.9253603986188724,2026-06-05,37,0.1013698630136986,call,23.975,270.1650085449219,6.0,17,0.2999329380038286
255.0,0.94386760659125,2026-06-05,37,0.1013698630136986,call,19.725,270.1650085449219,26.0,21,0.2823419264375473
260.0,0.9623748145636274,2026-06-05,37,0.1013698630136986,call,15.925,270.1650085449219,50.0,14,0.2725931466245441
265.0,0.9808820225360048,2026-06-05,37,0.1013698630136986,call,12.825,270.1650085449219,38.0,61,0.2741711086620356
270.0,0.9993892305083822,2026-06-05,37,0.1013698630136986,call,10.025,270.1650085449219,106.0,171,0.2721344506668465
275.0,1.0178964384807598,2026-06-05,37,0.1013698630136986,call,7.65,270.1650085449219,97.0,234,0.2702527971015961
280.0,1.0364036464531372,2026-06-05,37,0.1013698630136986,call,5.25,270.1650085449219,30.0,66,0.2548761941868989
285.0,1.0549108544255146,2026-06-05,37,0.1013698630136986,call,3.775,270.1650085449219,62.0,129,0.2549712346405234
290.0,1.0734180623978922,2026-06-05,37,0.1013698630136986,call,2.8,270.1650085449219,89.0,113,0.2610140734974057
295.0,1.0919252703702695,2026-06-05,37,0.1013698630136986,call,1.81,270.1650085449219,49.0,95,0.2550786043329577
300.0,1.110432478342647,2026-06-05,37,0.1013698630136986,call,1.34,270.1650085449219,331.0,653,0.2628157494754459
305.0,1.1289396863150245,2026-06-05,37,0.1013698630136986,call,0.87,270.1650085449219,12.0,64,0.261483684871247
310.0,1.147446894287402,2026-06-05,37,0.1013698630136986,call,0.565,270.1650085449219,1.0,148,0.2617825328318421
325.0,1.2029685182045342,2026-06-05,37,0.1013698630136986,call,0.3,270.1650085449219,38.0,60,0.2963404315137675
335.0,1.2399829341492892,2026-06-05,37,0.1013698630136986,call,0.37,270.1650085449219,51.0,6,0.3484730322260316
340.0,1.2584901421216663,2026-06-05,37,0.1013698630136986,call,0.09,270.1650085449219,14.0,2,0.3005535578417379
345.0,1.276997350094044,2026-06-05,37,0.1013698630136986,call,0.055,270.1650085449219,9.0,38,0.2993281861440814
200.0,0.7402883188950979,2026-06-05,37,0.1013698630136986,put,0.19,270.1650085449219,2.0,5,0.4476794239971853
210.0,0.7773027348398529,2026-06-05,37,0.1013698630136986,put,0.3399999999999999,270.1650085449219,11.0,12,0.4211289697091597
215.0,0.7958099428122304,2026-06-05,37,0.1013698630136986,put,0.49,270.1650085449219,2.0,484,0.4139659096599669
220.0,0.8143171507846078,2026-06-05,37,0.1013698630136986,put,0.48,270.1650085449219,40.0,53,0.3781274404812684
225.0,0.8328243587569852,2026-06-05,37,0.1013698630136986,put,0.555,270.1650085449219,100.0,75,0.3542289795751772
230.0,0.8513315667293627,2026-06-05,37,0.1013698630136986,put,0.8049999999999999,270.1650085449219,20.0,126,0.3467283191596297
235.0,0.8698387747017401,2026-06-05,37,0.1013698630136986,put,1.19,270.1650085449219,48.0,116,0.3422622979525133
240.0,0.8883459826741176,2026-06-05,37,0.1013698630136986,put,1.52,270.1650085449219,16.0,128,0.3256671550957881
245.0,0.906853190646495,2026-06-05,37,0.1013698630136986,put,2.0,270.1650085449219,30.0,433,0.3118193078345224
250.0,0.9253603986188724,2026-06-05,37,0.1013698630136986,put,2.72,270.1650085449219,66.0,273,0.302031857125784
255.0,0.94386760659125,2026-06-05,37,0.1013698630136986,put,3.725,270.1650085449219,68.0,137,0.2946780466361792
260.0,0.9623748145636274,2026-06-05,37,0.1013698630136986,put,5.05,270.1650085449219,15.0,28,0.2884275411516288
265.0,0.9808820225360048,2026-06-05,37,0.1013698630136986,put,6.875,270.1650085449219,3.0,553,0.2870532430338893
270.0,0.9993892305083822,2026-06-05,37,0.1013698630136986,put,8.8,270.1650085449219,25.0,17,0.2770809686930434
275.0,1.0178964384807598,2026-06-05,37,0.1013698630136986,put,11.275,270.1650085449219,4.0,11,0.2714724910436395
280.0,1.0364036464531372,2026-06-05,37,0.1013698630136986,put,14.6,270.1650085449219,1.0,2,0.2791254768694614
195.0,0.7217811109227206,2026-06-18,50,0.136986301369863,call,76.625,270.1650085449219,1.0,2731,0.4346915856292941
200.0,0.7402883188950979,2026-06-18,50,0.136986301369863,call,71.525,270.1650085449219,32.0,6628,0.3675142622994837
205.0,0.7587955268674754,2026-06-18,50,0.136986301369863,call,66.725,270.1650085449219,25.0,3868,0.3853301370620936
210.0,0.7773027348398529,2026-06-18,50,0.136986301369863,call,61.95,270.1650085449219,6.0,5428,0.3887447977106995
215.0,0.7958099428122304,2026-06-18,50,0.136986301369863,call,57.125,270.1650085449219,20.0,4096,0.3767506989249257
220.0,0.8143171507846078,2026-06-18,50,0.136986301369863,call,52.35,270.1650085449219,1.0,6184,0.3657741968036367
225.0,0.8328243587569852,2026-06-18,50,0.136986301369863,call,47.3,270.1650085449219,9.0,5028,0.3268364008263896
230.0,0.8513315667293627,2026-06-18,50,0.136986301369863,call,42.625,270.1650085449219,13.0,9649,0.3195971170964665
235.0,0.8698387747017401,2026-06-18,50,0.136986301369863,call,38.1,270.1650085449219,4.0,6476,0.3154603756602911
240.0,0.8883459826741176,2026-06-18,50,0.136986301369863,call,33.6,270.1650085449219,122.0,6237,0.3054389767939888
245.0,0.906853190646495,2026-06-18,50,0.136986301369863,call,29.275,270.1650085449219,3.0,4011,0.2971639716934344
250.0,0.9253603986188724,2026-06-18,50,0.136986301369863,call,25.125,270.1650085449219,43.0,17744,0.2887629894418903
255.0,0.94386760659125,2026-06-18,50,0.136986301369863,call,21.225,270.1650085449219,43.0,7291,0.2814667065631524
260.0,0.9623748145636274,2026-06-18,50,0.136986301369863,call,17.525,270.1650085449219,395.0,21086,0.2724032700332783
265.0,0.9808820225360048,2026-06-18,50,0.136986301369863,call,14.325,270.1650085449219,489.0,11250,0.2688014837167286
270.0,0.9993892305083822,2026-06-18,50,0.136986301369863,call,11.425,270.1650085449219,2460.0,29563,0.2639016880944221
275.0,1.0178964384807598,2026-06-18,50,0.136986301369863,call,8.975000000000001,270.1650085449219,1701.0,22958,0.2611096365053988
280.0,1.0364036464531372,2026-06-18,50,0.136986301369863,call,6.875,270.1650085449219,1244.0,43877,0.2578070488719874
285.0,1.0549108544255146,2026-06-18,50,0.136986301369863,call,5.175,270.1650085449219,716.0,19437,0.2556254608328271
290.0,1.0734180623978922,2026-06-18,50,0.136986301369863,call,3.85,270.1650085449219,644.0,27093,0.2548554317929104
295.0,1.0919252703702695,2026-06-18,50,0.136986301369863,call,2.83,270.1650085449219,396.0,21377,0.2548712856971448
300.0,1.110432478342647,2026-06-18,50,0.136986301369863,call,2.065,270.1650085449219,2136.0,85796,0.2557312819382932
305.0,1.1289396863150245,2026-06-18,50,0.136986301369863,call,1.5,270.1650085449219,301.0,8022,0.257279707050105
310.0,1.147446894287402,2026-06-18,50,0.136986301369863,call,1.0950000000000002,270.1650085449219,283.0,35987,0.2598400193534939
315.0,1.1659541022597792,2026-06-18,50,0.136986301369863,call,0.78,270.1650085449219,172.0,4876,0.2613144822152599
320.0,1.1844613102321568,2026-06-18,50,0.136986301369863,call,0.565,270.1650085449219,184.0,10031,0.2641348696037433
325.0,1.2029685182045342,2026-06-18,50,0.136986301369863,call,0.41,270.1650085449219,28.0,2275,0.2671805453400516
330.0,1.2214757261769118,2026-06-18,50,0.136986301369863,call,0.3,270.1650085449219,127.0,5950,0.2706445263676513
335.0,1.2399829341492892,2026-06-18,50,0.136986301369863,call,0.22,270.1650085449219,117.0,1221,0.2741509454068872
340.0,1.2584901421216663,2026-06-18,50,0.136986301369863,call,0.165,270.1650085449219,20.0,7630,0.2784509667696151
345.0,1.276997350094044,2026-06-18,50,0.136986301369863,call,0.12,270.1650085449219,42.0,2542,0.2814266980356215
350.0,1.2955045580664215,2026-06-18,50,0.136986301369863,call,0.09,270.1650085449219,36.0,6324,0.2854124548018407
190.0,0.7032739029503431,2026-06-18,50,0.136986301369863,put,0.24,270.1650085449219,3.0,10608,0.4584884508682861
195.0,0.7217811109227206,2026-06-18,50,0.136986301369863,put,0.3,270.1650085449219,72.0,9465,0.4438775278101953
200.0,0.7402883188950979,2026-06-18,50,0.136986301369863,put,0.37,270.1650085449219,43.0,12773,0.4285236405628483
205.0,0.7587955268674754,2026-06-18,50,0.136986301369863,put,0.47,270.1650085449219,181.0,7589,0.4154427427962645
210.0,0.7773027348398529,2026-06-18,50,0.136986301369863,put,0.5800000000000001,270.1650085449219,52.0,12649,0.4004055546228769
215.0,0.7958099428122304,2026-06-18,50,0.136986301369863,put,0.725,270.1650085449219,443.0,7026,0.3864326175656004
220.0,0.8143171507846078,2026-06-18,50,0.136986301369863,put,0.92,270.1650085449219,179.0,15103,0.3738005417395813
225.0,0.8328243587569852,2026-06-18,50,0.136986301369863,put,1.15,270.1650085449219,172.0,9689,0.3600621358995055
230.0,0.8513315667293627,2026-06-18,50,0.136986301369863,put,1.455,270.1650085449219,249.0,17409,0.3474962187155465
235.0,0.8698387747017401,2026-06-18,50,0.136986301369863,put,1.85,270.1650085449219,135.0,11750,0.3356052055819856
240.0,0.8883459826741176,2026-06-18,50,0.136986301369863,put,2.355,270.1650085449219,2973.0,23804,0.3241343437855633
245.0,0.906853190646495,2026-06-18,50,0.136986301369863,put,3.01,270.1650085449219,302.0,12718,0.313542881375116
250.0,0.9253603986188724,2026-06-18,50,0.136986301369863,put,3.85,270.1650085449219,285.0,17954,0.3037066651222488
255.0,0.94386760659125,2026-06-18,50,0.136986301369863,put,4.925,270.1650085449219,316.0,12243,0.294871667321484
260.0,0.9623748145636274,2026-06-18,50,0.136986301369863,put,6.275,270.1650085449219,6674.0,18626,0.2868422099805033
265.0,0.9808820225360048,2026-06-18,50,0.136986301369863,put,8.025,270.1650085449219,258.0,6249,0.2817470193130069
270.0,0.9993892305083822,2026-06-18,50,0.136986301369863,put,10.1,270.1650085449219,646.0,5469,0.2765046455193364
275.0,1.0178964384807598,2026-06-18,50,0.136986301369863,put,12.675,270.1650085449219,63.0,4270,0.2750537858300648
280.0,1.0364036464531372,2026-06-18,50,0.136986301369863,put,15.675,270.1650085449219,78.0,2373,0.2755455732398722
285.0,1.0549108544255146,2026-06-18,50,0.136986301369863,put,19.05,270.1650085449219,14.0,865,0.2773923393028239
290.0,1.0734180623978922,2026-06-18,50,0.136986301369863,put,22.75,270.1650085449219,30.0,1490,0.2803460188095092
295.0,1.0919252703702695,2026-06-18,50,0.136986301369863,put,26.75,270.1650085449219,63.0,164,0.2851344428031066
300.0,1.110432478342647,2026-06-18,50,0.136986301369863,put,31.625,270.1650085449219,2.0,190,0.3139600146522276
305.0,1.1289396863150245,2026-06-18,50,0.136986301369863,put,35.825,270.1650085449219,2.0,0,0.3157792361478684
310.0,1.147446894287402,2026-06-18,50,0.136986301369863,put,40.225,270.1650085449219,2.0,2,0.3198045826817971
315.0,1.1659541022597792,2026-06-18,50,0.136986301369863,put,45.025000000000006,270.1650085449219,1.0,1,0.337717343574798
320.0,1.1844613102321568,2026-06-18,50,0.136986301369863,put,49.875,270.1650085449219,1.0,1,0.3563150158049594
325.0,1.2029685182045342,2026-06-18,50,0.136986301369863,put,55.025,270.1650085449219,1.0,1,0.3888722002126554
190.0,0.7032739029503431,2026-07-17,79,0.2164383561643835,call,82.3,270.1650085449219,33.0,848,0.3791423551263277
195.0,0.7217811109227206,2026-07-17,79,0.2164383561643835,call,77.42500000000001,270.1650085449219,1.0,1871,0.3684653868153704
200.0,0.7402883188950979,2026-07-17,79,0.2164383561643835,call,72.625,270.1650085449219,50.0,372,0.3651075403092295
205.0,0.7587955268674754,2026-07-17,79,0.2164383561643835,call,67.725,270.1650085449219,9.0,3270,0.34620647223355
210.0,0.7773027348398529,2026-07-17,79,0.2164383561643835,call,62.75,270.1650085449219,2.0,3088,0.3190036531019378
215.0,0.7958099428122304,2026-07-17,79,0.2164383561643835,call,58.05,270.1650085449219,2.0,951,0.3177216415681256
220.0,0.8143171507846078,2026-07-17,79,0.2164383561643835,call,53.35,270.1650085449219,3.0,2647,0.3106617227691267
225.0,0.8328243587569852,2026-07-17,79,0.2164383561643835,call,48.975,270.1650085449219,6.0,465,0.3173782003933761
230.0,0.8513315667293627,2026-07-17,79,0.2164383561643835,call,44.375,270.1650085449219,5.0,600,0.3059517072355842
235.0,0.8698387747017401,2026-07-17,79,0.2164383561643835,call,39.8,270.1650085449219,22.0,772,0.292593044323902
240.0,0.8883459826741176,2026-07-17,79,0.2164383561643835,call,35.525,270.1650085449219,14.0,1271,0.2868585624919511
245.0,0.906853190646495,2026-07-17,79,0.2164383561643835,call,31.4,270.1650085449219,6.0,1144,0.2809545914130222
250.0,0.9253603986188724,2026-07-17,79,0.2164383561643835,call,27.425,270.1650085449219,39.0,2463,0.2742828745154883
255.0,0.94386760659125,2026-07-17,79,0.2164383561643835,call,23.675,270.1650085449219,2.0,2002,0.2682325656208636
260.0,0.9623748145636274,2026-07-17,79,0.2164383561643835,call,20.175,270.1650085449219,172.0,19835,0.2626149447645365
265.0,0.9808820225360048,2026-07-17,79,0.2164383561643835,call,16.950000000000003,270.1650085449219,556.0,4093,0.2573426296090609
270.0,0.9993892305083822,2026-07-17,79,0.2164383561643835,call,14.075,270.1650085449219,536.0,5834,0.2534408537540321
275.0,1.0178964384807598,2026-07-17,79,0.2164383561643835,call,11.525,270.1650085449219,191.0,9545,0.2500240167948598
280.0,1.0364036464531372,2026-07-17,79,0.2164383561643835,call,9.325,270.1650085449219,997.0,41970,0.2474919114381435
285.0,1.0549108544255146,2026-07-17,79,0.2164383561643835,call,7.425,270.1650085449219,345.0,9127,0.2449529692050628
290.0,1.0734180623978922,2026-07-17,79,0.2164383561643835,call,5.875,270.1650085449219,87.0,11057,0.2438086616611417
295.0,1.0919252703702695,2026-07-17,79,0.2164383561643835,call,4.575,270.1650085449219,195.0,89491,0.2424507777029388
300.0,1.110432478342647,2026-07-17,79,0.2164383561643835,call,3.55,270.1650085449219,663.0,19398,0.2421896659023788
305.0,1.1289396863150245,2026-07-17,79,0.2164383561643835,call,2.715,270.1650085449219,98.0,8927,0.2417051061917945
310.0,1.147446894287402,2026-07-17,79,0.2164383561643835,call,2.08,270.1650085449219,84.0,12555,0.2422681314013617
315.0,1.1659541022597792,2026-07-17,79,0.2164383561643835,call,1.58,270.1650085449219,150.0,2565,0.2428473324532739
320.0,1.1844613102321568,2026-07-17,79,0.2164383561643835,call,1.21,270.1650085449219,161.0,2783,0.2444036841960833
325.0,1.2029685182045342,2026-07-17,79,0.2164383561643835,call,0.925,270.1650085449219,11.0,1585,0.2461076202991826
330.0,1.2214757261769118,2026-07-17,79,0.2164383561643835,call,0.7,270.1650085449219,19.0,1826,0.2474759449255851
335.0,1.2399829341492892,2026-07-17,79,0.2164383561643835,call,0.53,270.1650085449219,24.0,878,0.2490506873953749
340.0,1.2584901421216663,2026-07-17,79,0.2164383561643835,call,0.405,270.1650085449219,24.0,2238,0.2511355216177925
345.0,1.276997350094044,2026-07-17,79,0.2164383561643835,call,0.31,270.1650085449219,10.0,2217,0.2533081309339522
350.0,1.2955045580664215,2026-07-17,79,0.2164383561643835,call,0.235,270.1650085449219,124.0,3940,0.2551079979326044
190.0,0.7032739029503431,2026-07-17,79,0.2164383561643835,put,0.47,270.1650085449219,10.0,1420,0.4088286271722571
195.0,0.7217811109227206,2026-07-17,79,0.2164383561643835,put,0.5800000000000001,270.1650085449219,2.0,2203,0.3977829377310087
200.0,0.7402883188950979,2026-07-17,79,0.2164383561643835,put,0.715,270.1650085449219,10.0,22399,0.3869544519833506
205.0,0.7587955268674754,2026-07-17,79,0.2164383561643835,put,0.865,270.1650085449219,25.0,5734,0.3749694818343923
210.0,0.7773027348398529,2026-07-17,79,0.2164383561643835,put,1.05,270.1650085449219,91.0,5275,0.3634230067003396
215.0,0.7958099428122304,2026-07-17,79,0.2164383561643835,put,1.28,270.1650085449219,11.0,5851,0.3524057043873752
220.0,0.8143171507846078,2026-07-17,79,0.2164383561643835,put,1.5750000000000002,270.1650085449219,26.0,4021,0.3424021751085271
225.0,0.8328243587569852,2026-07-17,79,0.2164383561643835,put,1.935,270.1650085449219,89.0,9119,0.3325522802358435
230.0,0.8513315667293627,2026-07-17,79,0.2164383561643835,put,2.37,270.1650085449219,67.0,7548,0.322710537248687
235.0,0.8698387747017401,2026-07-17,79,0.2164383561643835,put,2.9,270.1650085449219,254.0,5836,0.3130815421530651
240.0,0.8883459826741176,2026-07-17,79,0.2164383561643835,put,3.55,270.1650085449219,159.0,9426,0.3038564915957525
245.0,0.906853190646495,2026-07-17,79,0.2164383561643835,put,4.4,270.1650085449219,230.0,13152,0.2966355511109648
250.0,0.9253603986188724,2026-07-17,79,0.2164383561643835,put,5.4,270.1650085449219,283.0,14981,0.2889647992423909
255.0,0.94386760659125,2026-07-17,79,0.2164383561643835,put,6.625,270.1650085449219,216.0,16840,0.2821667544685898
260.0,0.9623748145636274,2026-07-17,79,0.2164383561643835,put,8.125,270.1650085449219,193.0,6179,0.2766055605899551
265.0,0.9808820225360048,2026-07-17,79,0.2164383561643835,put,9.925,270.1650085449219,84.0,2388,0.2721116948643802
270.0,0.9993892305083822,2026-07-17,79,0.2164383561643835,put,12.025,270.1650085449219,202.0,2961,0.2681952070467229
275.0,1.0178964384807598,2026-07-17,79,0.2164383561643835,put,14.525,270.1650085449219,58.0,2122,0.2665859763050459
280.0,1.0364036464531372,2026-07-17,79,0.2164383561643835,put,17.325,270.1650085449219,8.0,759,0.2652419978695433
285.0,1.0549108544255146,2026-07-17,79,0.2164383561643835,put,20.4,270.1650085449219,10.0,380,0.2638374979512733
290.0,1.0734180623978922,2026-07-17,79,0.2164383561643835,put,24.1,270.1650085449219,6.0,183,0.2703306874452357
295.0,1.0919252703702695,2026-07-17,79,0.2164383561643835,put,27.725,270.1650085449219,2.0,97,0.2704339225691915
300.0,1.110432478342647,2026-07-17,79,0.2164383561643835,put,32.175,270.1650085449219,1.0,285,0.2858891143107022
305.0,1.1289396863150245,2026-07-17,79,0.2164383561643835,put,36.0,270.1650085449219,5.0,101,0.2821750230375791
310.0,1.147446894287402,2026-07-17,79,0.2164383561643835,put,40.825,270.1650085449219,48.0,48,0.3022296655421759
320.0,1.1844613102321568,2026-07-17,79,0.2164383561643835,put,50.075,270.1650085449219,2.0,2,0.3260710343292035
330.0,1.2214757261769118,2026-07-17,79,0.2164383561643835,put,79.975,270.1650085449219,36.0,0,0.8426377868061199
350.0,1.2955045580664215,2026-07-17,79,0.2164383561643835,put,80.075,270.1650085449219,20.0,0,0.4492240502355596
190.0,0.7032739029503431,2026-08-21,114,0.3123287671232876,call,83.4,270.1650085449219,1.0,74,0.3568598239672182
195.0,0.7217811109227206,2026-08-21,114,0.3123287671232876,call,78.675,270.1650085449219,1.0,123,0.3543660560960258
200.0,0.7402883188950979,2026-08-21,114,0.3123287671232876,call,73.94999999999999,270.1650085449219,2.0,299,0.347887710071092
205.0,0.7587955268674754,2026-08-21,114,0.3123287671232876,call,69.1,270.1650085449219,3.0,202,0.3306430806659075
210.0,0.7773027348398529,2026-08-21,114,0.3123287671232876,call,64.45,270.1650085449219,2.0,548,0.3246316173971541
215.0,0.7958099428122304,2026-08-21,114,0.3123287671232876,call,59.925,270.1650085449219,4.0,289,0.3216570499466552
220.0,0.8143171507846078,2026-08-21,114,0.3123287671232876,call,55.225,270.1650085449219,2.0,210,0.3077579016287896
225.0,0.8328243587569852,2026-08-21,114,0.3123287671232876,call,50.8,270.1650085449219,1.0,415,0.3027935772730535
230.0,0.8513315667293627,2026-08-21,114,0.3123287671232876,call,46.525,270.1650085449219,12.0,755,0.2993299519771673
235.0,0.8698387747017401,2026-08-21,114,0.3123287671232876,call,42.175,270.1650085449219,16.0,127,0.2901477506230545
240.0,0.8883459826741176,2026-08-21,114,0.3123287671232876,call,38.25,270.1650085449219,4.0,2050,0.2891662006256899
245.0,0.906853190646495,2026-08-21,114,0.3123287671232876,call,34.325,270.1650085449219,42.0,952,0.2840506225127613
250.0,0.9253603986188724,2026-08-21,114,0.3123287671232876,call,30.575,270.1650085449219,150.0,3903,0.2791564784208264
255.0,0.94386760659125,2026-08-21,114,0.3123287671232876,call,27.025,270.1650085449219,16.0,1136,0.274598703269295
260.0,0.9623748145636274,2026-08-21,114,0.3123287671232876,call,23.700000000000003,270.1650085449219,225.0,4213,0.2704845116847773
265.0,0.9808820225360048,2026-08-21,114,0.3123287671232876,call,20.6,270.1650085449219,67.0,3666,0.2665076077823791
270.0,0.9993892305083822,2026-08-21,114,0.3123287671232876,call,17.7,270.1650085449219,225.0,4572,0.2620420000535426
275.0,1.0178964384807598,2026-08-21,114,0.3123287671232876,call,15.1,270.1650085449219,111.0,4610,0.2586266450210431
280.0,1.0364036464531372,2026-08-21,114,0.3123287671232876,call,12.8,270.1650085449219,187.0,6747,0.2561525072995723
285.0,1.0549108544255146,2026-08-21,114,0.3123287671232876,call,10.725,270.1650085449219,250.0,3221,0.2533895777686564
290.0,1.0734180623978922,2026-08-21,114,0.3123287671232876,call,8.925,270.1650085449219,343.0,5844,0.251285295662225
295.0,1.0919252703702695,2026-08-21,114,0.3123287671232876,call,7.375,270.1650085449219,37.0,3076,0.2496327192301007
300.0,1.110432478342647,2026-08-21,114,0.3123287671232876,call,6.075,270.1650085449219,441.0,9006,0.2487746085642785
305.0,1.1289396863150245,2026-08-21,114,0.3123287671232876,call,4.95,270.1650085449219,243.0,2051,0.2476441942721083
310.0,1.147446894287402,2026-08-21,114,0.3123287671232876,call,4.05,270.1650085449219,100.0,13572,0.2477467664139886
315.0,1.1659541022597792,2026-08-21,114,0.3123287671232876,call,3.3,270.1650085449219,150.0,1198,0.2480143699028883
320.0,1.1844613102321568,2026-08-21,114,0.3123287671232876,call,2.67,270.1650085449219,419.0,3346,0.2481614764698023
325.0,1.2029685182045342,2026-08-21,114,0.3123287671232876,call,2.16,270.1650085449219,324.0,1224,0.2486909211000678
330.0,1.2214757261769118,2026-08-21,114,0.3123287671232876,call,1.745,270.1650085449219,34.0,2077,0.249413811627602
335.0,1.2399829341492892,2026-08-21,114,0.3123287671232876,call,1.43,270.1650085449219,2.0,469,0.2512056178412395
340.0,1.2584901421216663,2026-08-21,114,0.3123287671232876,call,1.1549999999999998,270.1650085449219,115.0,1044,0.2522253957128154
345.0,1.276997350094044,2026-08-21,114,0.3123287671232876,call,0.94,270.1650085449219,98.0,374,0.2537592169285113
350.0,1.2955045580664215,2026-08-21,114,0.3123287671232876,call,0.765,270.1650085449219,20.0,1366,0.255326207988498
190.0,0.7032739029503431,2026-08-21,114,0.3123287671232876,put,1.02,270.1650085449219,212.0,746,0.3965592157278449
195.0,0.7217811109227206,2026-08-21,114,0.3123287671232876,put,1.21,270.1650085449219,78.0,1603,0.3865211370916179
200.0,0.7402883188950979,2026-08-21,114,0.3123287671232876,put,1.435,270.1650085449219,25.0,7985,0.3767532702611195
205.0,0.7587955268674754,2026-08-21,114,0.3123287671232876,put,1.705,270.1650085449219,6.0,694,0.3674431620869133
210.0,0.7773027348398529,2026-08-21,114,0.3123287671232876,put,2.02,270.1650085449219,86.0,5101,0.3581772797443148
215.0,0.7958099428122304,2026-08-21,114,0.3123287671232876,put,2.4000000000000004,270.1650085449219,35.0,2010,0.3494884622544778
220.0,0.8143171507846078,2026-08-21,114,0.3123287671232876,put,2.845,270.1650085449219,389.0,3429,0.3409117464133592
225.0,0.8328243587569852,2026-08-21,114,0.3123287671232876,put,3.4000000000000004,270.1650085449219,5.0,3481,0.3335724599933585
230.0,0.8513315667293627,2026-08-21,114,0.3123287671232876,put,4.0,270.1650085449219,45.0,6585,0.3249189012636754
235.0,0.8698387747017401,2026-08-21,114,0.3123287671232876,put,4.75,270.1650085449219,178.0,5972,0.3177629777470026
240.0,0.8883459826741176,2026-08-21,114,0.3123287671232876,put,5.625,270.1650085449219,427.0,6483,0.3108077539387959
245.0,0.906853190646495,2026-08-21,114,0.3123287671232876,put,6.65,270.1650085449219,351.0,3349,0.3042447409280175
250.0,0.9253603986188724,2026-08-21,114,0.3123287671232876,put,7.825,270.1650085449219,241.0,4225,0.2976885806437278
255.0,0.94386760659125,2026-08-21,114,0.3123287671232876,put,9.25,270.1650085449219,177.0,3224,0.292751985904281
260.0,0.9623748145636274,2026-08-21,114,0.3123287671232876,put,10.875,270.1650085449219,59.0,4872,0.2880050447779544
265.0,0.9808820225360048,2026-08-21,114,0.3123287671232876,put,12.75,270.1650085449219,178.0,999,0.2840753745962469
270.0,0.9993892305083822,2026-08-21,114,0.3123287671232876,put,14.85,270.1650085449219,77.0,2810,0.2802960681496954
275.0,1.0178964384807598,2026-08-21,114,0.3123287671232876,put,17.25,270.1650085449219,205.0,574,0.2777935568755279
280.0,1.0364036464531372,2026-08-21,114,0.3123287671232876,put,19.950000000000003,270.1650085449219,2.0,938,0.2765057189010044
285.0,1.0549108544255146,2026-08-21,114,0.3123287671232876,put,22.9,270.1650085449219,11.0,267,0.2756751054474871
290.0,1.0734180623978922,2026-08-21,114,0.3123287671232876,put,26.075000000000003,270.1650085449219,2.0,197,0.2750396137653902
295.0,1.0919252703702695,2026-08-21,114,0.3123287671232876,put,29.85,270.1650085449219,3.0,55,0.2815563743572719
300.0,1.110432478342647,2026-08-21,114,0.3123287671232876,put,33.475,270.1650085449219,9.0,10189,0.2823906831091146
305.0,1.1289396863150245,2026-08-21,114,0.3123287671232876,put,37.625,270.1650085449219,11.0,15,0.2903695724276146
325.0,1.2029685182045342,2026-08-21,114,0.3123287671232876,put,59.650000000000006,270.1650085449219,2.0,0,0.4193947171283662
340.0,1.2584901421216663,2026-08-21,114,0.3123287671232876,put,91.175,270.1650085449219,8.0,0,0.7843818208606138
190.0,0.7032739029503431,2026-09-18,142,0.3890410958904109,call,84.1,270.1650085449219,1.0,373,0.3274861121970368
195.0,0.7217811109227206,2026-09-18,142,0.3890410958904109,call,79.6,270.1650085449219,22.0,1032,0.3390430044715393
200.0,0.7402883188950979,2026-09-18,142,0.3890410958904109,call,74.7,270.1650085449219,3.0,1613,0.3190472310286525
205.0,0.7587955268674754,2026-09-18,142,0.3890410958904109,call,70.125,270.1650085449219,20.0,1539,0.3173699494296851
210.0,0.7773027348398529,2026-09-18,142,0.3890410958904109,call,65.57499999999999,270.1650085449219,1.0,2552,0.3132525911705722
215.0,0.7958099428122304,2026-09-18,142,0.3890410958904109,call,61.175,270.1650085449219,4.0,709,0.312010478879868
220.0,0.8143171507846078,2026-09-18,142,0.3890410958904109,call,56.75,270.1650085449219,13.0,1426,0.3064194909657713
225.0,0.8328243587569852,2026-09-18,142,0.3890410958904109,call,52.375,270.1650085449219,3.0,811,0.2998111037061826
230.0,0.8513315667293627,2026-09-18,142,0.3890410958904109,call,48.225,270.1650085449219,2.0,2107,0.2967923151874425
235.0,0.8698387747017401,2026-09-18,142,0.3890410958904109,call,44.125,270.1650085449219,31.0,2023,0.2919102845240741
240.0,0.8883459826741176,2026-09-18,142,0.3890410958904109,call,40.125,270.1650085449219,23.0,3738,0.2864668432500024
245.0,0.906853190646495,2026-09-18,142,0.3890410958904109,call,36.325,270.1650085449219,52.0,1326,0.2823043592863177
250.0,0.9253603986188724,2026-09-18,142,0.3890410958904109,call,32.65,270.1650085449219,2.0,4584,0.2775373636507617
255.0,0.94386760659125,2026-09-18,142,0.3890410958904109,call,29.15,270.1650085449219,21.0,4027,0.2729195298227209
260.0,0.9623748145636274,2026-09-18,142,0.3890410958904109,call,25.875,270.1650085449219,211.0,5950,0.2690348387735028
265.0,0.9808820225360048,2026-09-18,142,0.3890410958904109,call,22.775,270.1650085449219,109.0,5904,0.2648362738865243
270.0,0.9993892305083822,2026-09-18,142,0.3890410958904109,call,19.925,270.1650085449219,451.0,8393,0.261350792011644
275.0,1.0178964384807598,2026-09-18,142,0.3890410958904109,call,17.275,270.1650085449219,253.0,5577,0.2576810715269866
280.0,1.0364036464531372,2026-09-18,142,0.3890410958904109,call,14.875,270.1650085449219,364.0,9835,0.2545119386075936
285.0,1.0549108544255146,2026-09-18,142,0.3890410958904109,call,12.775,270.1650085449219,43.0,6675,0.2525781980405119
290.0,1.0734180623978922,2026-09-18,142,0.3890410958904109,call,10.875,270.1650085449219,59.0,8290,0.2504540961971228
295.0,1.0919252703702695,2026-09-18,142,0.3890410958904109,call,9.175,270.1650085449219,67.0,4373,0.2482330090142285
300.0,1.110432478342647,2026-09-18,142,0.3890410958904109,call,7.725,270.1650085449219,539.0,21354,0.2468876983653518
305.0,1.1289396863150245,2026-09-18,142,0.3890410958904109,call,6.475,270.1650085449219,67.0,4684,0.2458804960593674
310.0,1.147446894287402,2026-09-18,142,0.3890410958904109,call,5.4,270.1650085449219,138.0,9527,0.2450634781883759
315.0,1.1659541022597792,2026-09-18,142,0.3890410958904109,call,4.5,270.1650085449219,131.0,1812,0.2447826439511577
320.0,1.1844613102321568,2026-09-18,142,0.3890410958904109,call,3.75,270.1650085449219,177.0,2934,0.244955645999188
325.0,1.2029685182045342,2026-09-18,142,0.3890410958904109,call,3.1,270.1650085449219,217.0,1260,0.2448349876947324
330.0,1.2214757261769118,2026-09-18,142,0.3890410958904109,call,2.565,270.1650085449219,86.0,4546,0.2451190754082843
335.0,1.2399829341492892,2026-09-18,142,0.3890410958904109,call,2.13,270.1650085449219,305.0,1110,0.245883393951785
340.0,1.2584901421216663,2026-09-18,142,0.3890410958904109,call,1.76,270.1650085449219,10.0,1749,0.2464895085160343
345.0,1.276997350094044,2026-09-18,142,0.3890410958904109,call,1.46,270.1650085449219,49.0,1187,0.2474669234665683
350.0,1.2955045580664215,2026-09-18,142,0.3890410958904109,call,1.21,270.1650085449219,242.0,4699,0.2484736721254032
190.0,0.7032739029503431,2026-09-18,142,0.3890410958904109,put,1.44,270.1650085449219,9.0,3216,0.3850909383072719
195.0,0.7217811109227206,2026-09-18,142,0.3890410958904109,put,1.685,270.1650085449219,2.0,6624,0.3759927780954459
200.0,0.7402883188950979,2026-09-18,142,0.3890410958904109,put,1.975,270.1650085449219,19.0,11462,0.3673569150562874
205.0,0.7587955268674754,2026-09-18,142,0.3890410958904109,put,2.31,270.1650085449219,1.0,8210,0.3588464973061777
210.0,0.7773027348398529,2026-09-18,142,0.3890410958904109,put,2.7,270.1650085449219,343.0,7519,0.3505905797125144
215.0,0.7958099428122304,2026-09-18,142,0.3890410958904109,put,3.1500000000000004,270.1650085449219,161.0,6026,0.3424737562132376
220.0,0.8143171507846078,2026-09-18,142,0.3890410958904109,put,3.7,270.1650085449219,168.0,8694,0.335429107619147
225.0,0.8328243587569852,2026-09-18,142,0.3890410958904109,put,4.3,270.1650085449219,2.0,8225,0.3276048484201374
230.0,0.8513315667293627,2026-09-18,142,0.3890410958904109,put,5.025,270.1650085449219,84.0,7112,0.3208112398487529
235.0,0.8698387747017401,2026-09-18,142,0.3890410958904109,put,5.85,270.1650085449219,89.0,6561,0.3140139979565559
240.0,0.8883459826741176,2026-09-18,142,0.3890410958904109,put,6.825,270.1650085449219,826.0,11122,0.3080202896044328
245.0,0.906853190646495,2026-09-18,142,0.3890410958904109,put,7.95,270.1650085449219,22.0,4232,0.3024406252371299
250.0,0.9253603986188724,2026-09-18,142,0.3890410958904109,put,9.2,270.1650085449219,105.0,8032,0.2965413781038598
255.0,0.94386760659125,2026-09-18,142,0.3890410958904109,put,10.675,270.1650085449219,188.0,5982,0.2918704097040658
260.0,0.9623748145636274,2026-09-18,142,0.3890410958904109,put,12.325,270.1650085449219,161.0,5390,0.2872634241194458
265.0,0.9808820225360048,2026-09-18,142,0.3890410958904109,put,14.25,270.1650085449219,36.0,5043,0.2841182991788374
270.0,0.9993892305083822,2026-09-18,142,0.3890410958904109,put,16.35,270.1650085449219,156.0,4935,0.2806793479680349
275.0,1.0178964384807598,2026-09-18,142,0.3890410958904109,put,18.7,270.1650085449219,11.0,988,0.2780169487704058
280.0,1.0364036464531372,2026-09-18,142,0.3890410958904109,put,21.35,270.1650085449219,7.0,1116,0.2768224358988203
285.0,1.0549108544255146,2026-09-18,142,0.3890410958904109,put,24.25,270.1650085449219,1.0,568,0.2763894313541607
290.0,1.0734180623978922,2026-09-18,142,0.3890410958904109,put,27.225,270.1650085449219,1.0,1630,0.2741775935416769
295.0,1.0919252703702695,2026-09-18,142,0.3890410958904109,put,30.725,270.1650085449219,10.0,160,0.2772329053234603
300.0,1.110432478342647,2026-09-18,142,0.3890410958904109,put,34.425,270.1650085449219,2.0,697,0.2809651357591375
305.0,1.1289396863150245,2026-09-18,142,0.3890410958904109,put,38.225,270.1650085449219,6.0,50,0.2840265426010496
310.0,1.147446894287402,2026-09-18,142,0.3890410958904109,put,42.325,270.1650085449219,3.0,100,0.290101003438024
315.0,1.1659541022597792,2026-09-18,142,0.3890410958904109,put,46.7,270.1650085449219,10.0,41,0.299380566786954
320.0,1.1844613102321568,2026-09-18,142,0.3890410958904109,put,51.3,270.1650085449219,5.0,0,0.3115394392726036
325.0,1.2029685182045342,2026-09-18,142,0.3890410958904109,put,55.875,270.1650085449219,10.0,0,0.3222163710499781
330.0,1.2214757261769118,2026-09-18,142,0.3890410958904109,put,60.625,270.1650085449219,8.0,4,0.3354349952261652
350.0,1.2955045580664215,2026-09-18,142,0.3890410958904109,put,79.9,270.1650085449219,1.0,1,0.3878202723106925
190.0,0.7032739029503431,2026-10-16,170,0.4657534246575342,call,85.32499999999999,270.1650085449219,1.0,48,0.3421936636759157
195.0,0.7217811109227206,2026-10-16,170,0.4657534246575342,call,80.65,270.1650085449219,2.0,19,0.3342818259696925
200.0,0.7402883188950979,2026-10-16,170,0.4657534246575342,call,76.025,270.1650085449219,134.0,250,0.3271078640020711
205.0,0.7587955268674754,2026-10-16,170,0.4657534246575342,call,71.375,270.1650085449219,252.0,814,0.3172061144953325
210.0,0.7773027348398529,2026-10-16,170,0.4657534246575342,call,66.925,270.1650085449219,27.0,464,0.3133395192597484
215.0,0.7958099428122304,2026-10-16,170,0.4657534246575342,call,62.525,270.1650085449219,1.0,449,0.3085892388405079
220.0,0.8143171507846078,2026-10-16,170,0.4657534246575342,call,58.25,270.1650085449219,3.0,751,0.30507153981525
225.0,0.8328243587569852,2026-10-16,170,0.4657534246575342,call,54.1,270.1650085449219,1.0,155,0.3021676783680517
230.0,0.8513315667293627,2026-10-16,170,0.4657534246575342,call,49.925,270.1650085449219,3.0,107,0.296121750988532
235.0,0.8698387747017401,2026-10-16,170,0.4657534246575342,call,45.925,270.1650085449219,26.0,162,0.2916329195959531
240.0,0.8883459826741176,2026-10-16,170,0.4657534246575342,call,42.0,270.1650085449219,1.0,202,0.2862482997255883
245.0,0.906853190646495,2026-10-16,170,0.4657534246575342,call,38.325,270.1650085449219,1.0,184,0.2830426901478759
250.0,0.9253603986188724,2026-10-16,170,0.4657534246575342,call,34.75,270.1650085449219,2.0,354,0.2789573382609716
255.0,0.94386760659125,2026-10-16,170,0.4657534246575342,call,31.15,270.1650085449219,12.0,424,0.2720538716100083
260.0,0.9623748145636274,2026-10-16,170,0.4657534246575342,call,27.975,270.1650085449219,5.0,1134,0.2692463191039147
265.0,0.9808820225360048,2026-10-16,170,0.4657534246575342,call,24.9,270.1650085449219,15.0,923,0.2652584703542574
270.0,0.9993892305083822,2026-10-16,170,0.4657534246575342,call,22.025,270.1650085449219,628.0,1380,0.2614974554148669
275.0,1.0178964384807598,2026-10-16,170,0.4657534246575342,call,19.4,270.1650085449219,45.0,900,0.2585472092842037
280.0,1.0364036464531372,2026-10-16,170,0.4657534246575342,call,16.975,270.1650085449219,263.0,1050,0.2556530875645924
285.0,1.0549108544255146,2026-10-16,170,0.4657534246575342,call,14.775,270.1650085449219,38.0,1083,0.2531453134162718
290.0,1.0734180623978922,2026-10-16,170,0.4657534246575342,call,12.775,270.1650085449219,34.0,1355,0.250710907843444
295.0,1.0919252703702695,2026-10-16,170,0.4657534246575342,call,11.0,270.1650085449219,21.0,743,0.2487672732184414
300.0,1.110432478342647,2026-10-16,170,0.4657534246575342,call,9.425,270.1650085449219,64.0,6777,0.247085899898606
305.0,1.1289396863150245,2026-10-16,170,0.4657534246575342,call,8.025,270.1650085449219,16.0,1447,0.2454445675925952
310.0,1.147446894287402,2026-10-16,170,0.4657534246575342,call,6.85,270.1650085449219,13.0,967,0.2448340333774309
315.0,1.1659541022597792,2026-10-16,170,0.4657534246575342,call,5.825,270.1650085449219,103.0,1285,0.2443392372707484
320.0,1.1844613102321568,2026-10-16,170,0.4657534246575342,call,4.925,270.1650085449219,55.0,1023,0.2437446942994214
325.0,1.2029685182045342,2026-10-16,170,0.4657534246575342,call,4.175,270.1650085449219,126.0,1091,0.2437846013141936
330.0,1.2214757261769118,2026-10-16,170,0.4657534246575342,call,3.55,270.1650085449219,9.0,507,0.2443391497279678
335.0,1.2399829341492892,2026-10-16,170,0.4657534246575342,call,3.01,270.1650085449219,1.0,264,0.2448577524096943
340.0,1.2584901421216663,2026-10-16,170,0.4657534246575342,call,2.54,270.1650085449219,40.0,213,0.2452055968880951
345.0,1.276997350094044,2026-10-16,170,0.4657534246575342,call,2.13,270.1650085449219,40.0,66,0.2453124665307414
350.0,1.2955045580664215,2026-10-16,170,0.4657534246575342,call,1.795,270.1650085449219,2.0,792,0.2458813441788631
190.0,0.7032739029503431,2026-10-16,170,0.4657534246575342,put,1.86,270.1650085449219,176.0,1319,0.3758970550055127
195.0,0.7217811109227206,2026-10-16,170,0.4657534246575342,put,2.175,270.1650085449219,2.0,255,0.3683950050688475
200.0,0.7402883188950979,2026-10-16,170,0.4657534246575342,put,2.5,270.1650085449219,19.0,796,0.3596424305707151
205.0,0.7587955268674754,2026-10-16,170,0.4657534246575342,put,2.91,270.1650085449219,2.0,1798,0.3524082879217041
210.0,0.7773027348398529,2026-10-16,170,0.4657534246575342,put,3.375,270.1650085449219,1.0,2476,0.3451839545010634
215.0,0.7958099428122304,2026-10-16,170,0.4657534246575342,put,3.9,270.1650085449219,7.0,3015,0.3379386054777686
220.0,0.8143171507846078,2026-10-16,170,0.4657534246575342,put,4.525,270.1650085449219,12.0,2599,0.3315235601216516
225.0,0.8328243587569852,2026-10-16,170,0.4657534246575342,put,5.225,270.1650085449219,45.0,1304,0.3249821532630855
230.0,0.8513315667293627,2026-10-16,170,0.4657534246575342,put,6.025,270.1650085449219,295.0,4135,0.3187059864971348
235.0,0.8698387747017401,2026-10-16,170,0.4657534246575342,put,6.925,270.1650085449219,118.0,4852,0.3124677685813866
240.0,0.8883459826741176,2026-10-16,170,0.4657534246575342,put,7.975,270.1650085449219,109.0,4886,0.3070089379497159
245.0,0.906853190646495,2026-10-16,170,0.4657534246575342,put,9.175,270.1650085449219,15.0,2078,0.3020195312471417
250.0,0.9253603986188724,2026-10-16,170,0.4657534246575342,put,10.525,270.1650085449219,93.0,834,0.297267383834523
255.0,0.94386760659125,2026-10-16,170,0.4657534246575342,put,12.0,270.1650085449219,131.0,1577,0.2921951453817
260.0,0.9623748145636274,2026-10-16,170,0.4657534246575342,put,13.725,270.1650085449219,6.0,691,0.2885579006515091
265.0,0.9808820225360048,2026-10-16,170,0.4657534246575342,put,15.625,270.1650085449219,254.0,952,0.2850236016421701
270.0,0.9993892305083822,2026-10-16,170,0.4657534246575342,put,17.75,270.1650085449219,10.0,3662,0.2822021294898451
275.0,1.0178964384807598,2026-10-16,170,0.4657534246575342,put,20.1,270.1650085449219,46.0,190,0.2800026128478862
280.0,1.0364036464531372,2026-10-16,170,0.4657534246575342,put,22.65,270.1650085449219,9.0,116,0.2780513520924513
285.0,1.0549108544255146,2026-10-16,170,0.4657534246575342,put,25.475,270.1650085449219,2.0,51,0.2773887477163746
290.0,1.0734180623978922,2026-10-16,170,0.4657534246575342,put,28.425,270.1650085449219,20.0,21,0.2760321212246108
295.0,1.0919252703702695,2026-10-16,170,0.4657534246575342,put,31.95,270.1650085449219,5.0,49,0.2803602887726406
300.0,1.110432478342647,2026-10-16,170,0.4657534246575342,put,35.5,270.1650085449219,10.0,25,0.2829861832518674
325.0,1.2029685182045342,2026-10-16,170,0.4657534246575342,put,55.975,270.1650085449219,15.0,15,0.3118083225580492
350.0,1.2955045580664215,2026-10-16,170,0.4657534246575342,put,79.875,270.1650085449219,5.0,0,0.3737363212477559
190.0,0.7032739029503431,2026-11-20,205,0.5616438356164384,call,86.35,270.1650085449219,18.0,70,0.3261954794281783
195.0,0.7217811109227206,2026-11-20,205,0.5616438356164384,call,81.82499999999999,270.1650085449219,4.0,22,0.3233274340111053
200.0,0.7402883188950979,2026-11-20,205,0.5616438356164384,call,77.35,270.1650085449219,5.0,89,0.3199427806477081
205.0,0.7587955268674754,2026-11-20,205,0.5616438356164384,call,72.95,270.1650085449219,5.0,62,0.3167977873462195
210.0,0.7773027348398529,2026-11-20,205,0.5616438356164384,call,68.55000000000001,270.1650085449219,10.0,36,0.3114319426943487
215.0,0.7958099428122304,2026-11-20,205,0.5616438356164384,call,64.225,270.1650085449219,1.0,55,0.3062734752474353
220.0,0.8143171507846078,2026-11-20,205,0.5616438356164384,call,59.95,270.1650085449219,10.0,63,0.3005062375442259
225.0,0.8328243587569852,2026-11-20,205,0.5616438356164384,call,55.875,270.1650085449219,12.0,92,0.2973494251003687
230.0,0.8513315667293627,2026-11-20,205,0.5616438356164384,call,51.85,270.1650085449219,10.0,557,0.2930425029291523
235.0,0.8698387747017401,2026-11-20,205,0.5616438356164384,call,48.0,270.1650085449219,2.0,115,0.2899588487938598
240.0,0.8883459826741176,2026-11-20,205,0.5616438356164384,call,44.25,270.1650085449219,2.0,284,0.2864369601339301
245.0,0.906853190646495,2026-11-20,205,0.5616438356164384,call,40.6,270.1650085449219,3.0,284,0.2824358104182733
250.0,0.9253603986188724,2026-11-20,205,0.5616438356164384,call,37.2,270.1650085449219,5.0,420,0.2801379453537787
255.0,0.94386760659125,2026-11-20,205,0.5616438356164384,call,33.85,270.1650085449219,2.0,478,0.2763692621953769
260.0,0.9623748145636274,2026-11-20,205,0.5616438356164384,call,30.625,270.1650085449219,3.0,921,0.2722491762960312
265.0,0.9808820225360048,2026-11-20,205,0.5616438356164384,call,27.55,270.1650085449219,7.0,702,0.2680528761442236
270.0,0.9993892305083822,2026-11-20,205,0.5616438356164384,call,24.775,270.1650085449219,66.0,4041,0.265610919047352
275.0,1.0178964384807598,2026-11-20,205,0.5616438356164384,call,22.15,270.1650085449219,10.0,2443,0.2628870683498884
280.0,1.0364036464531372,2026-11-20,205,0.5616438356164384,call,19.700000000000003,270.1650085449219,5.0,1768,0.2601813005454353
285.0,1.0549108544255146,2026-11-20,205,0.5616438356164384,call,17.450000000000003,270.1650085449219,15.0,1095,0.2577950572612875
290.0,1.0734180623978922,2026-11-20,205,0.5616438356164384,call,15.4,270.1650085449219,3.0,913,0.2557447955475526
295.0,1.0919252703702695,2026-11-20,205,0.5616438356164384,call,13.55,270.1650085449219,5.0,373,0.2540808276161728
300.0,1.110432478342647,2026-11-20,205,0.5616438356164384,call,11.825,270.1650085449219,51.0,1786,0.2519120507677371
305.0,1.1289396863150245,2026-11-20,205,0.5616438356164384,call,10.325,270.1650085449219,24.0,437,0.2506205184498163
310.0,1.147446894287402,2026-11-20,205,0.5616438356164384,call,8.975000000000001,270.1650085449219,4.0,954,0.2493513183558643
315.0,1.1659541022597792,2026-11-20,205,0.5616438356164384,call,7.825,270.1650085449219,3.0,475,0.2489703449996948
320.0,1.1844613102321568,2026-11-20,205,0.5616438356164384,call,6.725,270.1650085449219,42.0,598,0.247423627015506
325.0,1.2029685182045342,2026-11-20,205,0.5616438356164384,call,5.825,270.1650085449219,18.0,811,0.247142620660462
330.0,1.2214757261769118,2026-11-20,205,0.5616438356164384,call,5.025,270.1650085449219,44.0,910,0.2467779032550889
335.0,1.2399829341492892,2026-11-20,205,0.5616438356164384,call,4.325,270.1650085449219,141.0,1194,0.246491190389107
340.0,1.2584901421216663,2026-11-20,205,0.5616438356164384,call,3.725,270.1650085449219,422.0,338,0.2464897505125174
345.0,1.276997350094044,2026-11-20,205,0.5616438356164384,call,3.25,270.1650085449219,3.0,363,0.2476022844849367
350.0,1.2955045580664215,2026-11-20,205,0.5616438356164384,call,2.785,270.1650085449219,422.0,183,0.2475121050721364
190.0,0.7032739029503431,2026-11-20,205,0.5616438356164384,put,2.455,270.1650085449219,2.0,422,0.3697064962299856
195.0,0.7217811109227206,2026-11-20,205,0.5616438356164384,put,2.83,270.1650085449219,52.0,382,0.3626279927991611
200.0,0.7402883188950979,2026-11-20,205,0.5616438356164384,put,3.2750000000000004,270.1650085449219,5.0,1778,0.3563219320403131
205.0,0.7587955268674754,2026-11-20,205,0.5616438356164384,put,3.75,270.1650085449219,15.0,595,0.3493257115248442
210.0,0.7773027348398529,2026-11-20,205,0.5616438356164384,put,4.3,270.1650085449219,1.0,1734,0.3428463844252084
215.0,0.7958099428122304,2026-11-20,205,0.5616438356164384,put,4.925,270.1650085449219,2.0,601,0.3366312755012925
220.0,0.8143171507846078,2026-11-20,205,0.5616438356164384,put,5.65,270.1650085449219,6.0,3973,0.3310319603238467
225.0,0.8328243587569852,2026-11-20,205,0.5616438356164384,put,6.475,270.1650085449219,25.0,966,0.3257828884881643
230.0,0.8513315667293627,2026-11-20,205,0.5616438356164384,put,7.325,270.1650085449219,30.0,3061,0.3192974580584981
235.0,0.8698387747017401,2026-11-20,205,0.5616438356164384,put,8.375,270.1650085449219,254.0,851,0.3147259076238481
240.0,0.8883459826741176,2026-11-20,205,0.5616438356164384,put,9.525,270.1650085449219,262.0,1205,0.3099745182798416
245.0,0.906853190646495,2026-11-20,205,0.5616438356164384,put,10.8,270.1650085449219,257.0,1095,0.3053487316281428
250.0,0.9253603986188724,2026-11-20,205,0.5616438356164384,put,12.225,270.1650085449219,257.0,882,0.3010911040095952
255.0,0.94386760659125,2026-11-20,205,0.5616438356164384,put,13.825,270.1650085449219,12.0,2605,0.2974065561911588
260.0,0.9623748145636274,2026-11-20,205,0.5616438356164384,put,15.625,270.1650085449219,30.0,531,0.2944835820236232
265.0,0.9808820225360048,2026-11-20,205,0.5616438356164384,put,17.575000000000003,270.1650085449219,1.0,216,0.2915378103996745
270.0,0.9993892305083822,2026-11-20,205,0.5616438356164384,put,19.700000000000003,270.1650085449219,63.0,184,0.2888468419920719
275.0,1.0178964384807598,2026-11-20,205,0.5616438356164384,put,22.0,270.1650085449219,2.0,253,0.2863679196548478
280.0,1.0364036464531372,2026-11-20,205,0.5616438356164384,put,24.575000000000003,270.1650085449219,30.0,196,0.2853217462062128
285.0,1.0549108544255146,2026-11-20,205,0.5616438356164384,put,27.325000000000003,270.1650085449219,1.0,100,0.2844667367027293
290.0,1.0734180623978922,2026-11-20,205,0.5616438356164384,put,30.3,270.1650085449219,1.0,45,0.284473702857125
300.0,1.110432478342647,2026-11-20,205,0.5616438356164384,put,36.825,270.1650085449219,1.0,30,0.2862008850112053
305.0,1.1289396863150245,2026-11-20,205,0.5616438356164384,put,40.375,270.1650085449219,1.0,2,0.2881823364053641
310.0,1.147446894287402,2026-11-20,205,0.5616438356164384,put,44.150000000000006,270.1650085449219,2.0,12,0.2915854597640788
315.0,1.1659541022597792,2026-11-20,205,0.5616438356164384,put,48.150000000000006,270.1650085449219,3.0,3,0.2966611795496769
320.0,1.1844613102321568,2026-11-20,205,0.5616438356164384,put,52.3,270.1650085449219,3.0,24,0.3026279854067831
335.0,1.2399829341492892,2026-11-20,205,0.5616438356164384,put,65.625,270.1650085449219,1.0,16,0.3276266250478402
190.0,0.7032739029503431,2026-12-18,233,0.6383561643835617,call,87.15,270.1650085449219,15.0,646,0.3156229432533718
195.0,0.7217811109227206,2026-12-18,233,0.6383561643835617,call,82.65,270.1650085449219,4.0,1138,0.3123460479523489
200.0,0.7402883188950979,2026-12-18,233,0.6383561643835617,call,78.25,270.1650085449219,1.0,13085,0.3103878941309935
205.0,0.7587955268674754,2026-12-18,233,0.6383561643835617,call,73.975,270.1650085449219,4.0,131,0.3097994123291389
210.0,0.7773027348398529,2026-12-18,233,0.6383561643835617,call,69.625,270.1650085449219,1.0,5731,0.3047263488724562
215.0,0.7958099428122304,2026-12-18,233,0.6383561643835617,call,65.425,270.1650085449219,3.0,170,0.3016035468687955
220.0,0.8143171507846078,2026-12-18,233,0.6383561643835617,call,61.275,270.1650085449219,123.0,3638,0.2976147781956333
225.0,0.8328243587569852,2026-12-18,233,0.6383561643835617,call,57.175,270.1650085449219,2.0,209,0.2928375483725249
230.0,0.8513315667293627,2026-12-18,233,0.6383561643835617,call,53.325,270.1650085449219,5.0,4984,0.2909233877302845
235.0,0.8698387747017401,2026-12-18,233,0.6383561643835617,call,49.45,270.1650085449219,6.0,274,0.2865386149643396
240.0,0.8883459826741176,2026-12-18,233,0.6383561643835617,call,45.775,270.1650085449219,5.0,5692,0.2835657588376549
245.0,0.906853190646495,2026-12-18,233,0.6383561643835617,call,42.15,270.1650085449219,3.0,266,0.279448949037997
250.0,0.9253603986188724,2026-12-18,233,0.6383561643835617,call,38.7,270.1650085449219,13.0,16342,0.2760092007814779
255.0,0.94386760659125,2026-12-18,233,0.6383561643835617,call,35.425,270.1650085449219,9.0,652,0.2730579007707447
260.0,0.9623748145636274,2026-12-18,233,0.6383561643835617,call,32.3,270.1650085449219,189.0,8691,0.2701431129852106
265.0,0.9808820225360048,2026-12-18,233,0.6383561643835617,call,29.3,270.1650085449219,6.0,1018,0.2668949480291689
270.0,0.9993892305083822,2026-12-18,233,0.6383561643835617,call,26.5,270.1650085449219,310.0,6778,0.2641874686562708
275.0,1.0178964384807598,2026-12-18,233,0.6383561643835617,call,23.85,270.1650085449219,9.0,2193,0.2613603137019648
280.0,1.0364036464531372,2026-12-18,233,0.6383561643835617,call,21.4,270.1650085449219,203.0,6661,0.258977186630272
285.0,1.0549108544255146,2026-12-18,233,0.6383561643835617,call,19.1,270.1650085449219,17.0,1398,0.256441452983594
290.0,1.0734180623978922,2026-12-18,233,0.6383561643835617,call,17.0,270.1650085449219,467.0,14597,0.2543438238316904
295.0,1.0919252703702695,2026-12-18,233,0.6383561643835617,call,15.05,270.1650085449219,266.0,1013,0.2521282195101725
300.0,1.110432478342647,2026-12-18,233,0.6383561643835617,call,13.325,270.1650085449219,1046.0,22787,0.2507338586186419
305.0,1.1289396863150245,2026-12-18,233,0.6383561643835617,call,11.75,270.1650085449219,18.0,1668,0.249350288812804
310.0,1.147446894287402,2026-12-18,233,0.6383561643835617,call,10.3,270.1650085449219,1047.0,4425,0.2477382287569085
315.0,1.1659541022597792,2026-12-18,233,0.6383561643835617,call,9.025,270.1650085449219,17.0,2067,0.2466304803651796
320.0,1.1844613102321568,2026-12-18,233,0.6383561643835617,call,7.9,270.1650085449219,65.0,9790,0.2458500878497459
325.0,1.2029685182045342,2026-12-18,233,0.6383561643835617,call,6.9,270.1650085449219,22.0,2245,0.2451995356426046
330.0,1.2214757261769118,2026-12-18,233,0.6383561643835617,call,6.074999999999999,270.1650085449219,68.0,3986,0.2456183774967315
335.0,1.2399829341492892,2026-12-18,233,0.6383561643835617,call,5.225,270.1650085449219,7.0,942,0.2441100124615092
340.0,1.2584901421216663,2026-12-18,233,0.6383561643835617,call,4.575,270.1650085449219,279.0,1992,0.2444474847382447
345.0,1.276997350094044,2026-12-18,233,0.6383561643835617,call,4.025,270.1650085449219,80.0,346,0.2452713137021588
350.0,1.2955045580664215,2026-12-18,233,0.6383561643835617,call,3.475,270.1650085449219,171.0,8070,0.2447762399874244
190.0,0.7032739029503431,2026-12-18,233,0.6383561643835617,put,2.835,270.1650085449219,1.0,2998,0.3625277087787809
195.0,0.7217811109227206,2026-12-18,233,0.6383561643835617,put,3.25,270.1650085449219,2.0,2396,0.3559474476647264
200.0,0.7402883188950979,2026-12-18,233,0.6383561643835617,put,3.725,270.1650085449219,163.0,12024,0.3497282205050305
205.0,0.7587955268674754,2026-12-18,233,0.6383561643835617,put,4.225,270.1650085449219,2.0,824,0.3427855112158403
210.0,0.7773027348398529,2026-12-18,233,0.6383561643835617,put,4.85,270.1650085449219,496.0,3523,0.3375142866627453
215.0,0.7958099428122304,2026-12-18,233,0.6383561643835617,put,5.525,270.1650085449219,412.0,1121,0.3318142582864591
220.0,0.8143171507846078,2026-12-18,233,0.6383561643835617,put,6.3,270.1650085449219,230.0,8304,0.3266599109124161
225.0,0.8328243587569852,2026-12-18,233,0.6383561643835617,put,7.175,270.1650085449219,206.0,1966,0.3218300811547993
230.0,0.8513315667293627,2026-12-18,233,0.6383561643835617,put,8.125,270.1650085449219,392.0,10390,0.3167319497813585
235.0,0.8698387747017401,2026-12-18,233,0.6383561643835617,put,9.175,270.1650085449219,382.0,1677,0.3117180071615874
240.0,0.8883459826741176,2026-12-18,233,0.6383561643835617,put,10.375,270.1650085449219,323.0,9406,0.3074325196241481
245.0,0.906853190646495,2026-12-18,233,0.6383561643835617,put,11.725,270.1650085449219,8.0,2690,0.3036711024665462
250.0,0.9253603986188724,2026-12-18,233,0.6383561643835617,put,13.175,270.1650085449219,31.0,12475,0.299598970699989
255.0,0.94386760659125,2026-12-18,233,0.6383561643835617,put,14.825,270.1650085449219,357.0,3788,0.2964905841659823
260.0,0.9623748145636274,2026-12-18,233,0.6383561643835617,put,16.6,270.1650085449219,4.0,5816,0.293233405648469
265.0,0.9808820225360048,2026-12-18,233,0.6383561643835617,put,18.575,270.1650085449219,5.0,1421,0.2907119786343399
270.0,0.9993892305083822,2026-12-18,233,0.6383561643835617,put,20.700000000000003,270.1650085449219,12.0,3101,0.2882386370255734
275.0,1.0178964384807598,2026-12-18,233,0.6383561643835617,put,23.05,270.1650085449219,1.0,2275,0.2866746443558746
280.0,1.0364036464531372,2026-12-18,233,0.6383561643835617,put,25.55,270.1650085449219,8.0,11524,0.2851104966658734
285.0,1.0549108544255146,2026-12-18,233,0.6383561643835617,put,28.3,270.1650085449219,32.0,140,0.2847246311810329
290.0,1.0734180623978922,2026-12-18,233,0.6383561643835617,put,31.200000000000003,270.1650085449219,1.0,1589,0.2843883232817095
295.0,1.0919252703702695,2026-12-18,233,0.6383561643835617,put,34.05,270.1650085449219,1.0,30,0.281810293846658
300.0,1.110432478342647,2026-12-18,233,0.6383561643835617,put,37.650000000000006,270.1650085449219,2.0,5175,0.2864831064072943
305.0,1.1289396863150245,2026-12-18,233,0.6383561643835617,put,40.9,270.1650085449219,1.0,40,0.2855179897617694
310.0,1.147446894287402,2026-12-18,233,0.6383561643835617,put,44.775000000000006,270.1650085449219,1.0,68,0.2907441071388938
315.0,1.1659541022597792,2026-12-18,233,0.6383561643835617,put,48.675,270.1650085449219,1.0,10,0.2950939056475308
320.0,1.1844613102321568,2026-12-18,233,0.6383561643835617,put,52.75,270.1650085449219,7.0,74,0.3005677211774424
325.0,1.2029685182045342,2026-12-18,233,0.6383561643835617,put,57.0,270.1650085449219,1.0,2,0.3073628123813887
330.0,1.2214757261769118,2026-12-18,233,0.6383561643835617,put,61.375,270.1650085449219,1.0,53,0.3150033590405287
335.0,1.2399829341492892,2026-12-18,233,0.6383561643835617,put,65.875,270.1650085449219,1.0,2,0.323643482569643
340.0,1.2584901421216663,2026-12-18,233,0.6383561643835617,put,89.925,270.1650085449219,1.0,1,0.57774357130828
345.0,1.276997350094044,2026-12-18,233,0.6383561643835617,put,75.225,270.1650085449219,1.0,0,0.3441365518771056
350.0,1.2955045580664215,2026-12-18,233,0.6383561643835617,put,80.025,270.1650085449219,14.0,21,0.3555018805391255
190.0,0.7032739029503431,2027-01-15,261,0.7150684931506849,call,88.19999999999999,270.1650085449219,1.0,1164,0.3168300123723449
195.0,0.7217811109227206,2027-01-15,261,0.7150684931506849,call,83.775,270.1650085449219,2.0,701,0.3137572969111388
200.0,0.7402883188950979,2027-01-15,261,0.7150684931506849,call,79.4,270.1650085449219,32.0,12954,0.3102788531429888
210.0,0.7773027348398529,2027-01-15,261,0.7150684931506849,call,70.9,270.1650085449219,4.0,2488,0.3043466508329919
220.0,0.8143171507846078,2027-01-15,261,0.7150684931506849,call,62.675,270.1650085449219,1.0,7707,0.2972509195179693
230.0,0.8513315667293627,2027-01-15,261,0.7150684931506849,call,54.825,270.1650085449219,8.0,9888,0.29030736413852
240.0,0.8883459826741176,2027-01-15,261,0.7150684931506849,call,47.400000000000006,270.1650085449219,33.0,8498,0.283436907975144
250.0,0.9253603986188724,2027-01-15,261,0.7150684931506849,call,40.45,270.1650085449219,69.0,11622,0.2766172578778479
260.0,0.9623748145636274,2027-01-15,261,0.7150684931506849,call,34.025000000000006,270.1650085449219,63.0,15203,0.2698802913031803
270.0,0.9993892305083822,2027-01-15,261,0.7150684931506849,call,28.25,270.1650085449219,580.0,14089,0.2641734469379532
280.0,1.0364036464531372,2027-01-15,261,0.7150684931506849,call,23.075,270.1650085449219,2102.0,31906,0.25850990777349
290.0,1.0734180623978922,2027-01-15,261,0.7150684931506849,call,18.625,270.1650085449219,181.0,8733,0.2541188518618912
300.0,1.110432478342647,2027-01-15,261,0.7150684931506849,call,14.825,270.1650085449219,1222.0,67661,0.2502566310904845
310.0,1.147446894287402,2027-01-15,261,0.7150684931506849,call,11.675,270.1650085449219,57.0,12416,0.2472813726118041
320.0,1.1844613102321568,2027-01-15,261,0.7150684931506849,call,9.125,270.1650085449219,53.0,25005,0.2452523603436495
330.0,1.2214757261769118,2027-01-15,261,0.7150684931506849,call,7.075,270.1650085449219,225.0,16761,0.2437690480188755
340.0,1.2584901421216663,2027-01-15,261,0.7150684931506849,call,5.475,270.1650085449219,38.0,3573,0.2431554829474389
350.0,1.2955045580664215,2027-01-15,261,0.7150684931506849,call,4.25,270.1650085449219,125.0,20359,0.2434731012314039
190.0,0.7032739029503431,2027-01-15,261,0.7150684931506849,put,3.25,270.1650085449219,304.0,7708,0.3578541277892965
195.0,0.7217811109227206,2027-01-15,261,0.7150684931506849,put,3.7,270.1650085449219,204.0,5630,0.3515235464944117
200.0,0.7402883188950979,2027-01-15,261,0.7150684931506849,put,4.2,270.1650085449219,419.0,28698,0.3452575327975817
210.0,0.7773027348398529,2027-01-15,261,0.7150684931506849,put,5.425,270.1650085449219,22.0,15676,0.3341209633508931
220.0,0.8143171507846078,2027-01-15,261,0.7150684931506849,put,6.95,270.1650085449219,78.0,14760,0.3236653556811631
230.0,0.8513315667293627,2027-01-15,261,0.7150684931506849,put,8.850000000000001,270.1650085449219,166.0,15332,0.3141947457825704
240.0,0.8883459826741176,2027-01-15,261,0.7150684931506849,put,11.2,270.1650085449219,3159.0,17924,0.3058360575457948
250.0,0.9253603986188724,2027-01-15,261,0.7150684931506849,put,14.075,270.1650085449219,463.0,15609,0.298682118536668
260.0,0.9623748145636274,2027-01-15,261,0.7150684931506849,put,17.549999999999997,270.1650085449219,61.0,9503,0.2928839939821052
270.0,0.9993892305083822,2027-01-15,261,0.7150684931506849,put,21.675,270.1650085449219,16.0,6847,0.2884411935031182
280.0,1.0364036464531372,2027-01-15,261,0.7150684931506849,put,26.5,270.1650085449219,4.0,5105,0.2855960190051049
290.0,1.0734180623978922,2027-01-15,261,0.7150684931506849,put,32.1,270.1650085449219,20.0,1822,0.2851437341108181
300.0,1.110432478342647,2027-01-15,261,0.7150684931506849,put,38.225,270.1650085449219,1.0,851,0.2846249173215082
310.0,1.147446894287402,2027-01-15,261,0.7150684931506849,put,45.75,270.1650085449219,4.0,215,0.2945601278060865
320.0,1.1844613102321568,2027-01-15,261,0.7150684931506849,put,53.3,270.1650085449219,2.0,292,0.3003868655502322
330.0,1.2214757261769118,2027-01-15,261,0.7150684931506849,put,61.725,270.1650085449219,3.0,217,0.3129727128667485
340.0,1.2584901421216663,2027-01-15,261,0.7150684931506849,put,70.725,270.1650085449219,2.0,0,0.3300229886724143
190.0,0.7032739029503431,2027-03-19,324,0.8876712328767123,call,90.4,270.1650085449219,1.0,21,0.3134186319792915
195.0,0.7217811109227206,2027-03-19,324,0.8876712328767123,call,86.025,270.1650085449219,2.0,51,0.3085562364675065
200.0,0.7402883188950979,2027-03-19,324,0.8876712328767123,call,82.05000000000001,270.1650085449219,1.0,78,0.3119305370220787
210.0,0.7773027348398529,2027-03-19,324,0.8876712328767123,call,73.775,270.1650085449219,4.0,148,0.304954816083021
220.0,0.8143171507846078,2027-03-19,324,0.8876712328767123,call,65.625,270.1650085449219,1.0,97,0.295024294043008
230.0,0.8513315667293627,2027-03-19,324,0.8876712328767123,call,58.15,270.1650085449219,1.0,333,0.2906448375635357
240.0,0.8883459826741176,2027-03-19,324,0.8876712328767123,call,50.375,270.1650085449219,3.0,255,0.2769214648905662
250.0,0.9253603986188724,2027-03-19,324,0.8876712328767123,call,44.025000000000006,270.1650085449219,15.0,1099,0.2761972145694675
260.0,0.9623748145636274,2027-03-19,324,0.8876712328767123,call,37.975,270.1650085449219,20.0,1790,0.2727973036460476
270.0,0.9993892305083822,2027-03-19,324,0.8876712328767123,call,32.225,270.1650085449219,128.0,1387,0.2671037280464493
280.0,1.0364036464531372,2027-03-19,324,0.8876712328767123,call,27.425,270.1650085449219,25.0,1474,0.2657223905319122
290.0,1.0734180623978922,2027-03-19,324,0.8876712328767123,call,22.65,270.1650085449219,25.0,556,0.2592966695998316
300.0,1.110432478342647,2027-03-19,324,0.8876712328767123,call,18.625,270.1650085449219,409.0,2171,0.2551151439493224
310.0,1.147446894287402,2027-03-19,324,0.8876712328767123,call,15.45,270.1650085449219,18.0,914,0.2544275203454736
320.0,1.1844613102321568,2027-03-19,324,0.8876712328767123,call,12.45,270.1650085449219,112.0,2286,0.2507334387454364
330.0,1.2214757261769118,2027-03-19,324,0.8876712328767123,call,10.15,270.1650085449219,51.0,1253,0.2499738833949521
340.0,1.2584901421216663,2027-03-19,324,0.8876712328767123,call,8.05,270.1650085449219,20.0,688,0.2471012162866946
350.0,1.2955045580664215,2027-03-19,324,0.8876712328767123,call,6.425000000000001,270.1650085449219,126.0,1484,0.2458915093205726
190.0,0.7032739029503431,2027-03-19,324,0.8876712328767123,put,4.275,270.1650085449219,262.0,759,0.3526378434466256
195.0,0.7217811109227206,2027-03-19,324,0.8876712328767123,put,5.1,270.1650085449219,51.0,518,0.3533469608602477
200.0,0.7402883188950979,2027-03-19,324,0.8876712328767123,put,5.425,270.1650085449219,21.0,1973,0.3418328133453854
210.0,0.7773027348398529,2027-03-19,324,0.8876712328767123,put,6.85,270.1650085449219,3.0,925,0.3320317016112
220.0,0.8143171507846078,2027-03-19,324,0.8876712328767123,put,8.6,270.1650085449219,8.0,1806,0.3231950670708078
230.0,0.8513315667293627,2027-03-19,324,0.8876712328767123,put,10.725,270.1650085449219,22.0,1860,0.3152617193945658
240.0,0.8883459826741176,2027-03-19,324,0.8876712328767123,put,13.225,270.1650085449219,547.0,995,0.3075669380294903
250.0,0.9253603986188724,2027-03-19,324,0.8876712328767123,put,16.45,270.1650085449219,331.0,4368,0.3037176637113515
260.0,0.9623748145636274,2027-03-19,324,0.8876712328767123,put,19.625,270.1650085449219,34.0,1743,0.294328273213841
270.0,0.9993892305083822,2027-03-19,324,0.8876712328767123,put,23.975,270.1650085449219,108.0,612,0.2926221972737714
280.0,1.0364036464531372,2027-03-19,324,0.8876712328767123,put,29.525,270.1650085449219,56.0,222,0.2978758358915638
290.0,1.0734180623978922,2027-03-19,324,0.8876712328767123,put,33.8,270.1650085449219,4.0,182,0.2855993892874776
300.0,1.110432478342647,2027-03-19,324,0.8876712328767123,put,40.325,270.1650085449219,4.0,79,0.2909653839902461
320.0,1.1844613102321568,2027-03-19,324,0.8876712328767123,put,54.625,270.1650085449219,364.0,186,0.3020807440982179
330.0,1.2214757261769118,2027-03-19,324,0.8876712328767123,put,62.725,270.1650085449219,2.0,14,0.3124279884280617
340.0,1.2584901421216663,2027-03-19,324,0.8876712328767123,put,71.375,270.1650085449219,2.0,1,0.3261714357526886
350.0,1.2955045580664215,2027-03-19,324,0.8876712328767123,put,80.6,270.1650085449219,1.0,4,0.3443563250934036
